source	target	frequency
LINGO2	TFF3	0.99
A1BG	CUL1_FBXW7_RBX1_SKP1	0.01
A2M	LRP1	0.01
AAK1	AP2M1	0.01
AAK1	NUMB	0.01
AANAT	MTNR1A	0.01
AATF	CHEK2	0.01
AATK	STK39	0.01
ABCA1	APOA1	0.01
ABCA1	PLTP	0.01
ABCA1	RIMS2	0.01
ABCA1	SNTB2	0.01
ABCC1	CSNK2A1	0.01
ABCC2	RARA	0.01
ABCC3	SP1	0.01
ABCC8	RAPGEF4	0.01
ABCG2	PIM1	0.01
ABL1	BCR	0.01
ABL1	CDV3	0.01
ABL1	CHRNB1	0.01
ABL1	ENAH	0.01
ABL1	ERCC6	0.01
ABL1	GPX1	0.01
ABL1	LGALS3	0.01
ABL1	OGDH	0.01
ABL1	PIK3AP1	0.01
ABL1	PSMA7	0.01
ABL1	RAPH1	0.01
ABL1	RBM39	0.01
ABL1	SHE	0.01
ABL1	SORBS1	0.01
ABL1	SORBS2	0.01
ABL1	TBX21	0.01
ABL1	TRIP10	0.01
ABL1	TUB	0.01
ABL1	WASF3	0.01
ABL1	YTHDC1	0.01
ABL1	ZDHHC16	0.01
ABL2	MYH10	0.01
ABL2	RIN1	0.01
ABLIM1	ATM	0.01
ABR	RAC1	0.01
ABRAXAS1	BRCA1	0.01
ACAA2	BNIP3	0.01
ACACB	MID1IP1	0.01
ACACB	PRKAA2	0.01
ACADM	HNF4A	0.01
ACADVL	PRKACA	0.01
ACAN	ADAMTS5	0.01
ACAN	MMP14	0.01
ACAP1	AKT1	0.01
ACAT1	FGFR1	0.01
ACE	AGT	0.01
ACE	BDKRB2	0.01
ACE2	AGT	0.01
ACIN1	SRPK2	0.01
ACKR1	CCL17	0.01
ACKR1	CCL2	0.01
ACKR1	CXCL1	0.01
ACKR1	CXCL8	0.01
ACKR2	CCL11	0.01
ACKR2	CCL2	0.01
ACKR2	CCL7	0.01
ACKR3	CXCL12	0.01
ACLY	KLHL25	0.01
ACLY	PRKACA	0.01
ACO1	PRKCA	0.01
ACOT4	AKT1	0.01
ACOX1	PPARA	0.01
ACP3	ERBB2	0.01
ACTA2	TP53	0.01
ACTB	ARPC2	0.01
ACTB	CFL1	0.01
ACTB	CKB	0.01
ACTG1	GSN	0.01
ACTN1	PTPN1	0.01
ACTN3	SH3KBP1	0.01
ACTN4	PTK2	0.01
ACVR1	AMH	0.01
ACVR1	BMP7	0.01
ACVR1	INHBB	0.01
ACVR1	SMAD5	0.01
ACVR1B	GDF10	0.01
ACVR1B	IGSF1	0.01
ACVR1B	INHBA	0.01
ACVR1C_ACVR2B	GDF3	0.01
ACVR1C_ACVR2B	INHBB	0.01
ACVR2A	BMP2	0.01
ACVR2A	INHBC	0.01
ACVR2B	BMP2	0.01
ACVR2B	BMP3	0.01
ACVR2B	LEFTY2	0.01
ACVR2B	MSTN	0.01
ADA	DPP4	0.01
ADAM10	EPHA3	0.01
ADAM10	TSPAN10	0.01
ADAM10	TSPAN17	0.01
ADAM10	TSPAN33	0.01
ADAM10	TSPAN5	0.01
ADAM11	LGI4	0.01
ADAM12	SDC4	0.01
ADAM15	HCK	0.01
ADAM22	LGI1	0.01
ADAM22	LGI4	0.01
ADAM23	LGI2	0.01
ADAM23	LGI3	0.01
ADAM23	LGI4	0.01
ADAMTS13	VWF	0.01
ADAP1	PRKCE	0.01
ADARB1	PRKCZ	0.01
ADCK5	SOX9	0.01
ADCY1	GNAI2	0.01
ADCY5	GNAI2	0.01
ADCY6	ADGRV1	0.01
ADCY6	GNAI2	0.01
ADCY8	CALM3	0.01
ADCY9	GNAS	0.01
ADCYAP1	VIPR1	0.01
ADCYAP1	VIPR2	0.01
ADD2	PRKACA	0.01
ADD2	PRKCD	0.01
ADD3	PRKCA	0.01
ADGRA3	SIGLEC10	0.01
ADGRB1	RTN4R	0.01
ADGRB1	RTN4RL2	0.01
ADGRB2	TAX1BP3	0.01
ADGRB3	C1QL1	0.01
ADGRB3	C1QL2	0.01
ADGRB3	C1QL4	0.01
ADGRB3	RTN4R	0.01
ADGRE2	THY1	0.01
ADGRE5	CD55	0.01
ADGRE5	THY1	0.01
ADGRG1	COL3A1	0.01
ADGRG1	TGM2	0.01
ADGRL2	TENM1	0.01
ADGRL2	TENM2	0.01
ADGRL2	TENM3	0.01
ADGRL2	TENM4	0.01
ADGRL3	FLRT1	0.01
ADGRL3	FLRT2	0.01
ADGRL3	FLRT3	0.01
ADGRL3	TENM2	0.01
ADGRL3	UNC5A	0.01
ADGRV1	WHRN	0.01
ADH1A	PSIP1	0.01
ADH4	PSIP1	0.01
ADIPOQ	ADIPOR1	0.01
ADIPOQ	ADIPOR2	0.01
ADIPOQ	CDH13	0.01
ADIPOQ	PPARG	0.01
ADIPOR1	APPL1	0.01
ADM	GPR182	0.01
ADM	MRGPRX2	0.01
ADM	RAMP2	0.01
ADM2	RAMP1	0.01
ADORA1	ENTPD1	0.01
ADORA1	GNAI2	0.01
ADORA2A	GNAS	0.01
ADORA2B	NTN1	0.01
ADRA1A	CXCR4	0.01
ADRA1B	PRKCA	0.01
ADRA2A	CXCL16	0.01
ADRA2A	GNAI2	0.01
ADRA2A	GNAO1	0.01
ADRA2C	GNAO1	0.01
ADRB1	GOPC	0.01
ADRB1	MAGI2	0.01
ADRB2	ARRB2	0.01
ADRB2	CCKBR	0.01
ADRB2	GNA14	0.01
ADRB2	GNAS	0.01
ADRB2	GRK5	0.01
ADRB2	NHERF1	0.01
ADRB2	OSR1	0.01
ADRB2	SLC52A2	0.01
ADRB3	GNAS	0.01
ADRM1	UCHL5	0.01
AFAP1	SRC	0.01
AFAP1L2	RET	0.01
AFDN	BCR	0.01
AFDN	NECTIN1	0.01
AFDN	RIT1	0.01
AGER	S100A7	0.01
AGER	S100A9	0.01
AGER	S100B	0.01
AGL	NHLRC1	0.01
AGO2	EGFR	0.01
AGO2	TNRC6B	0.01
AGR2	LYPD3	0.01
AGRN	LRP4	0.01
AGRN	MUSK	0.01
AGRP	MC4R	0.01
AGRP	SDC3	0.01
AGT	AGTR1	0.01
AGT	AGTR2	0.01
AGT	ENPEP	0.01
AGT	MAS1	0.01
AGT	REN	0.01
AGTR2	GNAI2	0.01
AGTR2	TIMP3	0.01
AGTRAP	RACK1	0.01
AHCYL2	PAPOLA	0.01
AHCYL2	PAPOLB	0.01
AHR	PRKCA	0.01
AHSA1	GCH1	0.01
AHSA1	HSP90AA1	0.01
AHSG	FAM20C	0.01
AICDA	PRKACA	0.01
AIP	CSNK2A1	0.01
AKAP11	GSK3B	0.01
AKAP12	CDK1	0.01
AKR1C1	NFE2L2	0.01
AKT1	AR	0.01
AKT1	ARHGAP19	0.01
AKT1	ATXN1	0.01
AKT1	CCDC88A	0.01
AKT1	COPS6	0.01
AKT1	DAB2IP	0.01
AKT1	EIF4EBP1	0.01
AKT1	H2BC18	0.01
AKT1	HK2	0.01
AKT1	HTT	0.01
AKT1	IMPDH2	0.01
AKT1	LONP1	0.01
AKT1	MXD1	0.01
AKT1	NF2	0.01
AKT1	NIBAN1	0.01
AKT1	PEA15	0.01
AKT1	PFKFB2	0.01
AKT1	PHLPP2	0.01
AKT1	PIK3R6	0.01
AKT1	PIKFYVE	0.01
AKT1	PTPA	0.01
AKT1	RALGAPA2	0.01
AKT1	RHEBL1	0.01
AKT1	RICTOR	0.01
AKT1	S1PR1	0.01
AKT1	SYTL1	0.01
AKT1	TBC1D4	0.01
AKT1	TCL1A	0.01
AKT1	TKT	0.01
AKT1	TRIB3	0.01
AKT1	USP4	0.01
AKT1	YBX1	0.01
AKT1	ZFP36L1	0.01
AKT1	ZYX	0.01
AKT2	ANKRD2	0.01
AKT2	C2CD5	0.01
AKT2	PKP1	0.01
AKT2	STXBP4	0.01
AKT2	TCL1A	0.01
AKT3	IWS1	0.01
AKT3	PTPA	0.01
ALB	FCGRT	0.01
ALB	LRP2	0.01
ALDH1A1	AURKA	0.01
ALDH1A1	TLX1	0.01
ALDH1A2	PSIP1	0.01
ALDH2	PRKCE	0.01
ALDH3B1	CUL1_RBX1_SKP1	0.01
ALDH6A1	HNF4A	0.01
ALDOC	ARNT_HIF1A	0.01
ALK	ALKAL2	0.01
ALK	ATIC	0.01
ALK	MDK	0.01
ALK	SYP	0.01
ALKAL2	LTK	0.01
ALOX5	MAPKAPK2	0.01
ALPL	SPP1	0.01
ALX4	LEF1	0.01
AMBP	HNF4A	0.01
AMBRA1	BECN1	0.01
AMIGO2	NTM	0.01
AMOT	YAP1	0.01
AMOTL2	LATS2	0.01
AMPH	CDK1	0.01
ANAPC1_ANAPC10_ANAPC11_ANAPC13_ANAPC2_ANAPC4_ANAPC5_ANAPC7_CDC16_CDC23_CDC26_CDC27	CDC20	0.01
ANAPC1_ANAPC10_ANAPC11_ANAPC13_ANAPC2_ANAPC4_ANAPC5_ANAPC7_CDC16_CDC23_CDC26_CDC27	PIWIL1	0.01
ANG	PLXNB2	0.01
ANGPT2	ITGA5_ITGB1	0.01
ANGPT2	TEK	0.01
ANGPT4	TEK	0.01
ANGPTL1	TEK	0.01
ANGPTL2	LILRB2	0.01
ANGPTL2	LILRB3	0.01
ANGPTL4	SDC2	0.01
ANGPTL5	LILRB2	0.01
ANGPTL7	LILRB3	0.01
ANK1	NFASC	0.01
ANK2	NRCAM	0.01
ANK3	ELAVL3	0.01
ANK3	GLDN	0.01
ANK3	HNF4A	0.01
ANKRD6	DVL1	0.01
ANKS1B	DLG4	0.01
ANLN	TP53	0.01
ANO7	AR	0.01
ANO9	STAT1	0.01
ANOS1	FGFR1	0.01
ANP32A	APAF1	0.01
ANP32B	CSNK2A1	0.01
ANPEP	SELE	0.01
ANTXR1	WNT5A	0.01
ANXA1	DYSF	0.01
ANXA1	FPR1	0.01
ANXA1	FPR2	0.01
ANXA1	FPR3	0.01
ANXA1	TRPM7	0.01
ANXA13	NEDD4	0.01
ANXA2	PRKCA	0.01
ANXA5	KDR	0.01
AP1B1	CLTA	0.01
AP1B1	DNM1	0.01
AP2M1	BMP2K	0.01
APAF1	BCL2L1	0.01
APAF1	CASP9	0.01
APAF1	CYCS	0.01
APAF1	HSPA1A	0.01
APBA1	CASK	0.01
APBA2	STXBP1	0.01
APC	AXIN1	0.01
APCDD1	WNT3A	0.01
APEX1	CSNK2A1	0.01
APH1A	NCSTN	0.01
APH1A	PSEN1	0.01
APLF	PARP1	0.01
APLN	APLNR	0.01
APLN	GRM7	0.01
APLP1	APP	0.01
APLP2	HLA-A	0.01
APOA1	LCAT	0.01
APOA2	HNF4A	0.01
APOA5	HNF4A	0.01
APOB	LDLR	0.01
APOB	LSR	0.01
APOB	MTTP	0.01
APOB	OLR1	0.01
APOBEC3B	PRKACA	0.01
APOBEC3G	PRKACA	0.01
APOC1	VLDLR	0.01
APOD	LEPR	0.01
APOE	LRP8	0.01
APOE	TREM2	0.01
APOE	VLDLR	0.01
APOE	ZIC2	0.01
APP	BACE1	0.01
APP	CD74	0.01
APP	CTSD	0.01
APP	FPR2	0.01
APP	NAE1	0.01
AQP1	CA2	0.01
AQP1	EFEMP2	0.01
AQP2	CDK18	0.01
AQP4	CSNK2A2	0.01
AQP5	PRKACA	0.01
AQP6	CALM2	0.01
AQP9	PRKCZ	0.01
AR	CA3	0.01
AR	CCN5	0.01
AR	CDK11B	0.01
AR	CDK7	0.01
AR	CDK9	0.01
AR	CTNNB1	0.01
AR	DBI	0.01
AR	DDC	0.01
AR	FHL2	0.01
AR	HSP90AA1	0.01
AR	JUN	0.01
AR	KDM1A	0.01
AR	KLK2	0.01
AR	KLK3	0.01
AR	KLK4	0.01
AR	NR0B2	0.01
AR	NR3C1	0.01
AR	PAK6	0.01
AR	PFKFB1	0.01
AR	SMAD3	0.01
AR	SRC	0.01
AR	STEAP4	0.01
AR	STUB1	0.01
ARAP1	PTK6	0.01
ARAP2	RAC1	0.01
AREG	EGFR	0.01
ARF5	ASAP2	0.01
ARF6	CYTH2	0.01
ARFGAP1	LRRK2	0.01
ARG1	STAT6	0.01
ARHGAP1	CDC42	0.01
ARHGAP10	RHOA	0.01
ARHGAP17	TRIP10	0.01
ARHGAP18	PKN3	0.01
ARHGAP20	RHOA	0.01
ARHGAP21	RHOA	0.01
ARHGAP23	RHOA	0.01
ARHGAP24	ROCK1	0.01
ARHGAP26	RHOA	0.01
ARHGAP28	RHOA	0.01
ARHGAP31	RAC1	0.01
ARHGAP33	FYN	0.01
ARHGAP5	RHOA	0.01
ARHGAP6	RHOA	0.01
ARHGAP8	MAPK8	0.01
ARHGDIB	SRC	0.01
ARHGEF1	GNA13	0.01
ARHGEF1	RHOA	0.01
ARHGEF11	RHOA	0.01
ARHGEF15	EPHA4	0.01
ARHGEF18	RHOA	0.01
ARHGEF19	GRHL3	0.01
ARHGEF19	RHOA	0.01
ARHGEF2	PAK1	0.01
ARHGEF2	RHOA	0.01
ARHGEF28	RHOA	0.01
ARHGEF3	RHOA	0.01
ARHGEF4	RHOA	0.01
ARHGEF5	RHOA	0.01
ARID3A	TP53	0.01
ARNT_HIF1A	FECH	0.01
ARNT_HIF1A	PFKL	0.01
ARNT_HIF1A	SLC2A3	0.01
ARNT_HIF1A	TFRC	0.01
ARNT	HIF1A	0.01
ARNT	SIM2	0.01
ARPP21	PRKACA	0.01
ARRB2	SLC9A5	0.01
ARTN	GFRA1	0.01
ARTN	GFRA3	0.01
ASAP1	SRC	0.01
ASAP2	PTK2B	0.01
ASAP3	STK26	0.01
ASB2	FLNA	0.01
ASCC3	TP53	0.01
ASCL1	SOX10	0.01
ASF1B	CHAF1B	0.01
ASF1B	H4C9	0.01
ASGR1	TG	0.01
ASGR2	F8	0.01
ASH1L	H3C3	0.01
ASIC1	PICK1	0.01
ASIP	ATRN	0.01
ASIP	MC1R	0.01
ASPH	TRPC3	0.01
ASXL3	CBX5	0.01
ATAD2	ESR1	0.01
ATF1	NKX6-1	0.01
ATF1	RPS6KA5	0.01
ATF2	CREB5	0.01
ATF2	JDP2	0.01
ATF2	MAPK11	0.01
ATF3	FOXL2	0.01
ATF3	TP53	0.01
ATG16L1	GAN	0.01
ATG16L1	NOD2	0.01
ATG16L1	RAB33B	0.01
ATG2A	WDR45	0.01
ATG2B	WDR45	0.01
ATG4B	MAP1LC3C	0.01
ATG4B	STK26	0.01
ATG7	MAP1LC3A	0.01
ATM	AVEN	0.01
ATM	CHD4	0.01
ATM	DMD	0.01
ATM	EIF4EBP1	0.01
ATM	H2AX	0.01
ATM	HIF1A	0.01
ATM	LAMTOR5	0.01
ATM	MACROD2	0.01
ATM	MCM5	0.01
ATM	MCM6	0.01
ATM	NABP2	0.01
ATM	NFAT5	0.01
ATM	NUSAP1	0.01
ATM	PAN2	0.01
ATM	PCDH7	0.01
ATM	POLR1G	0.01
ATM	PPL	0.01
ATM	RIF1	0.01
ATM	SLC2A1	0.01
ATM	SLTM	0.01
ATM	TELO2	0.01
ATM	TTC5	0.01
ATM	UBQLN4	0.01
ATM	ZFHX3	0.01
ATM	ZNF148	0.01
ATM	ZNF420	0.01
ATP1A1	SRC	0.01
ATP2B1	PRKACA	0.01
ATP2B2	DLG1	0.01
ATP2B2	DLG2	0.01
ATP7B	PRKD1	0.01
ATR	FANCA	0.01
ATR	H2AX	0.01
ATR	POLN	0.01
ATR	WDHD1	0.01
ATR	XPA	0.01
ATXN2L	MPL	0.01
AURKA	AURKAIP1	0.01
AURKA	FAF1	0.01
AURKA	LATS2	0.01
AURKA	MAP9	0.01
AURKA	NDC80	0.01
AURKA	RALA	0.01
AURKA	SOX8	0.01
AURKA	TACC1	0.01
AURKA	TIFA	0.01
AURKA	TPX2	0.01
AURKB	BIRC5	0.01
AURKB	CDCA5	0.01
AURKB	CENPA	0.01
AURKB	CHMP4C	0.01
AURKB	DES	0.01
AURKB	DSN1	0.01
AURKB	FOXM1	0.01
AURKB	GFAP	0.01
AURKB	INCENP	0.01
AURKB	KIF23	0.01
AURKB	KIF4A	0.01
AURKB	MAPRE2	0.01
AURKB	REC8	0.01
AURKB	RPRD1B	0.01
AURKB	SEPTIN1	0.01
AURKB	SHCBP1	0.01
AURKB	SLC45A2	0.01
AURKB	ZFYVE19	0.01
AURKB	ZWINT	0.01
AURKC	TACC1	0.01
AUTS2	DOCK1	0.01
AVP	AVPR1A	0.01
AVP	AVPR1B	0.01
AVP	AVPR2	0.01
AVP	OXTR	0.01
AVPR2	GNAS	0.01
AXIN1	DAB2	0.01
AXIN1	DIXDC1	0.01
AXIN1	DVL2	0.01
AXIN1	MAP3K4	0.01
AXIN1	PPP2CA	0.01
AXIN1	TNKS	0.01
AXIN2	GSK3B	0.01
AXL	GAS6	0.01
AZGP1	ITGAV	0.01
AZI2	TBK1	0.01
B2M	CD1A	0.01
B2M	LILRB1	0.01
B2M	TAPBP	0.01
B3GNT3	CD274	0.01
BABAM1	BRCA1	0.01
BAD	GCK	0.01
BAD	PAK5	0.01
BAD	PPP3R1	0.01
BAD	RPS6KA2	0.01
BAG1	HSPA8	0.01
BAG1	PPP1R15A	0.01
BAG2	STUB1	0.01
BAG3	HSPA8	0.01
BAG6	NCR3	0.01
BAG6	SGTA	0.01
BAIAP2	CDC42	0.01
BAIAP2	WASF1	0.01
BANF1	PPP4C	0.01
BANF1	VRK1	0.01
BAX	BCL2	0.01
BAX	BID	0.01
BAX	GFI1	0.01
BAX	PYCARD	0.01
BBC3	BCL2L2	0.01
BCAM	LAMA5	0.01
BCAR1	PKN3	0.01
BCAR1	PTPN1	0.01
BCAR1	PTPN12	0.01
BCKDK	SRC	0.01
BCL10	CARD11	0.01
BCL10	CARD9	0.01
BCL11B	PRKCA	0.01
BCL2	BIK	0.01
BCL2	BNIP3	0.01
BCL2	FKBP8	0.01
BCL2	NR4A1	0.01
BCL2	TP53AIP1	0.01
BCL2L1	BIK	0.01
BCL2L1	BMF	0.01
BCL2L1	HRK	0.01
BCL2L1	PINK1	0.01
BCL2L1	PMAIP1	0.01
BCL2L1	SIVA1	0.01
BCL2L1	STAT5A	0.01
BCL2L1	VDAC1	0.01
BCL2L11	BCL2L2	0.01
BCL2L11	DLC1	0.01
BCL2L12	GSK3B	0.01
BCL2L2	BID	0.01
BCL3	NFKB1	0.01
BCL3	NFKB2	0.01
BCL6	NCOR2	0.01
BCL9	CTNNB1	0.01
BCL9	PYGO1	0.01
BCR	HCK	0.01
BCR	YWHAZ	0.01
BDKRB1	KNG1	0.01
BDKRB2	GRK4	0.01
BECN1	PIK3C3	0.01
BECN1	RUBCN	0.01
BECN1	STYK1	0.01
BECN1	VMP1	0.01
BEST1	PRKCD	0.01
BEX3	NTF4	0.01
BGLAP	CTSB	0.01
BGLAP	CTSH	0.01
BGLAP	CTSS	0.01
BGLAP	GPR158	0.01
BGN	TLR2	0.01
BHLHE40	UBE2I	0.01
BHLHE41	NCOR2	0.01
BICD1	GSK3B	0.01
BID	CAPN1	0.01
BID	CAPN2	0.01
BID	GZMB	0.01
BIRC5	DIABLO	0.01
BIRC6	DIABLO	0.01
BIRC7	DIABLO	0.01
BLK	CGAS	0.01
BLK	FCGR2A	0.01
BLM	CHAF1A	0.01
BLM	CHEK1	0.01
BLM	FANCM	0.01
BLM	FEN1	0.01
BLNK	SYK	0.01
BLVRA	PRKCB	0.01
BMAL1	CRY1	0.01
BMAL1	NR1D1	0.01
BMAL1	RORB	0.01
BMF	DYNLL2	0.01
BMP1	COL1A1	0.01
BMP2	BMPR1B	0.01
BMP2	BMPR1B_BMPR2	0.01
BMP2	RGMA	0.01
BMP2	RGMB	0.01
BMP4	BMPR1B	0.01
BMP4	GREM2	0.01
BMP5	BMPR1A	0.01
BMP7	BMPR1A	0.01
BMP8A	BMPR1B_BMPR2	0.01
BMP8B	BMPR1B_BMPR2	0.01
BMPR1A	CTDNEP1	0.01
BMPR1A	GDF9	0.01
BMPR1A	SMAD1	0.01
BMPR1B	SMAD1	0.01
BMX	RUFY1	0.01
BMX	STAT3	0.01
BNC1	PRKCA	0.01
BOC	IHH	0.01
BORA	PLK1	0.01
BPI	SPI1	0.01
BRAF	EEF1A2	0.01
BRAF	HRAS	0.01
BRAF	MAP2K2	0.01
BRCA1	BRIP1	0.01
BRCA1	LMO4	0.01
BRCA1	RBBP8	0.01
BRCA2	FANCD2	0.01
BRCA2	PALB2	0.01
BRCA2	SEM1	0.01
BRD2	H4C9	0.01
BRDT	H4C9	0.01
BRMS1	CSNK2A1	0.01
BRS3	NMB	0.01
BRSK1	CDC25C	0.01
BRSK1	TUBG1	0.01
BRSK2	CDC25C	0.01
BSG	NXNL1	0.01
BSG	PPIA	0.01
BSG	SELE	0.01
BSG	SLC16A1	0.01
BSG	SLC16A7	0.01
BST1	CAV1	0.01
BTC	ERBB3	0.01
BTF3	GAL	0.01
BTF3	IFTAP	0.01
BTG2	TP53	0.01
BTG3	PER2	0.01
BTK	IKZF1	0.01
BTK	TEC	0.01
BTLA	CD79A	0.01
BTLA	TNFRSF14	0.01
BTLA	VTCN1	0.01
BTN1A1	JAML	0.01
BTN1A1	NEGR1	0.01
BTNL8	SIGLEC6	0.01
BTRC	GLI3	0.01
BTRC	IGF2BP1	0.01
BTRC	LGI3	0.01
BUB1	CDC20	0.01
BUB1	SMC1A	0.01
BUB1B	CDC20	0.01
C1QA	CD93	0.01
C1QA	CSPG4	0.01
C1QB	LRP1	0.01
C1QC	CD33	0.01
C1R	CSNK2A2	0.01
C1RL	HP	0.01
C2	MASP1	0.01
C3	C3AR1	0.01
C3	C5AR2	0.01
C3	CD19	0.01
C3	CD46	0.01
C3	CFH	0.01
C3	CFI	0.01
C3	CR2	0.01
C3	CSMD1	0.01
C3	ITGAM	0.01
C3	ITGAX	0.01
C3	ITGB2	0.01
C3AR1	C4A	0.01
C4A	MASP2	0.01
C4B	CD46	0.01
C4BPA	CD40	0.01
C5	C5AR1	0.01
C5	C5AR2	0.01
C5AR1	RPS19	0.01
CA12	SIGLEC6	0.01
CABIN1	CAPN1	0.01
CABLES1	CDK3	0.01
CABYR	GSK3B	0.01
CACNA1B	STX3	0.01
CACNA1C	CALM1	0.01
CACNA1C	CALM3	0.01
CACNA1C	PRKACA	0.01
CACNA1D	PRKACA	0.01
CACNA1D	RIMS3	0.01
CACNA1H	PRKACA	0.01
CACNB4	CDK1	0.01
CADM2	CADM4	0.01
CADM3	CADM4	0.01
CADM3	NECTIN1	0.01
CALCA	RAMP1	0.01
CALCA	RAMP2	0.01
CALCOCO1	PIAS1	0.01
CALM1	GRM3	0.01
CALM1	KCNN4	0.01
CALM1	KCNQ1	0.01
CALM2	CCP110	0.01
CALM2	NOS3	0.01
CALM2	PDE1C	0.01
CALM2	TRPV5	0.01
CALM3	KIF1A	0.01
CALR	ITGA3	0.01
CALR	MTNR1A	0.01
CALR	PDIA3	0.01
CAMK1	CAMK1G	0.01
CAMK1	EIF4G3	0.01
CAMK1	GCM1	0.01
CAMK1	NOS1	0.01
CAMK1	SYN1	0.01
CAMK1D	CAMKK1	0.01
CAMK2A	FBXO43	0.01
CAMK2A	HSF1	0.01
CAMK2A	LRRC7	0.01
CAMK2A	PDC	0.01
CAMK2A	RYR2	0.01
CAMK2A	SRF	0.01
CAMK2B	PLCB3	0.01
CAMK2B	RETREG1	0.01
CAMK2D	CREM	0.01
CAMK2D	GFAP	0.01
CAMK2D	KCNJ11	0.01
CAMK2D	SCN5A	0.01
CAMK4	CAMKK1	0.01
CAMK4	HDAC4	0.01
CAMK4	NOS1	0.01
CAMK4	NOVA2	0.01
CAND1	CUL1	0.01
CAND1	CUL4A	0.01
CANX	HLA-B	0.01
CAP1	GSK3B	0.01
CAPN1	CAST	0.01
CAPN1	OGG1	0.01
CAPN1	SPTBN2	0.01
CAPN2	CAPNS1	0.01
CAPN3	GSK3A	0.01
CAPZA1	CSNK2A1	0.01
CARD11	PRKCQ	0.01
CARD14	MAPK1	0.01
CARD16	CASP1	0.01
CARHSP1	DYRK2	0.01
CASK	SDC2	0.01
CASK	TBR1	0.01
CASKIN1	EPHB1	0.01
CASP1	CASP4	0.01
CASP1	CASP5	0.01
CASP1	IL18	0.01
CASP1	IL33	0.01
CASP1	NLRC4	0.01
CASP1	PYCARD	0.01
CASP1	PYDC1	0.01
CASP1	SERPINB9	0.01
CASP10	FADD	0.01
CASP12	CASP9	0.01
CASP3	CASP6	0.01
CASP3	DSG3	0.01
CASP3	GAS2	0.01
CASP3	GRIPAP1	0.01
CASP3	PSIP1	0.01
CASP4	GSDMD	0.01
CASP6	LMNA	0.01
CASP9	NAIP	0.01
CASQ2	CSNK2A2	0.01
CASR	PRKCA	0.01
CATSPER1	EFEMP2	0.01
CATSPER1	KRTAP4-12	0.01
CAV1	EGFR	0.01
CAV1	FYN	0.01
CAV1	PTGS2	0.01
CAV1	SLC1A1	0.01
CAV1	SLC1A2	0.01
CAV1	SRC	0.01
CAV1	TRPC1	0.01
CBFB	RUNX1	0.01
CBL	PIK3R2	0.01
CBL	SH3KBP1	0.01
CBL	ZAP70	0.01
CBLC	EGFR	0.01
CBLN1	NRXN2	0.01
CBLN2	GRID2	0.01
CBLN4	NEO1	0.01
CBX1	EMSY	0.01
CBX1	H3C3	0.01
CBX3	H3C3	0.01
CBX4	CSNK1A1	0.01
CBX5	FBXW10	0.01
CBX5	H3C3	0.01
CC2D1A	CDK1	0.01
CCBE1	VEGFC	0.01
CCDC88C	DVL1	0.01
CCK	CCKBR	0.01
CCL11	DPP4	0.01
CCL13	CCR3	0.01
CCL14	CCR1	0.01
CCL17	CCR8	0.01
CCL18	CCR3	0.01
CCL19	CCR10	0.01
CCL19	CCR7	0.01
CCL19	CCRL2	0.01
CCL2	MMP1	0.01
CCL2	MMP3	0.01
CCL2	MMP8	0.01
CCL20	CCR6	0.01
CCL20	CXCR3	0.01
CCL21	CCR7	0.01
CCL22	DPP4	0.01
CCL25	CCR10	0.01
CCL25	CCR9	0.01
CCL26	CCR1	0.01
CCL26	CX3CR1	0.01
CCL28	CCR10	0.01
CCL28	CCR3	0.01
CCL3L3	CCR1	0.01
CCL4	CCR1	0.01
CCL4L2	CCR1	0.01
CCL5	CCR1	0.01
CCL5	CCR3	0.01
CCL5	GPR75	0.01
CCL7	CCR3	0.01
CCL7	MMP13	0.01
CCM2	STK25	0.01
CCN1	ITGB5	0.01
CCN2	LRP6	0.01
CCN3	NOTCH1	0.01
CCN4	ITGA5	0.01
CCN6	SORL1	0.01
CCNA1	E2F1	0.01
CCNA2	CDC20	0.01
CCNA2	E2F1	0.01
CCNA2	NEK5	0.01
CCNB2	NFYA_NFYB_NFYC	0.01
CCND1	CDK4	0.01
CCND1	CDK6	0.01
CCND1	FBXO31	0.01
CCND1	HDAC2	0.01
CCND1	SKP2	0.01
CCND2	CDK6	0.01
CCND3	CDK6	0.01
CCNE1	FBXW7	0.01
CCNE1	GDE1	0.01
CCNE1	GSK3B	0.01
CCNG1	TP53	0.01
CCNH	CDK7	0.01
CCNK	CDK2	0.01
CCNL2	DYRK1A	0.01
CCR10	CXCL13	0.01
CCRL2	RARRES2	0.01
CD14	TLR2	0.01
CD151	ITGA3	0.01
CD151	ITGA6	0.01
CD160	TNFRSF14	0.01
CD163	CSNK2B	0.01
CD163	TNFSF12	0.01
CD177	PECAM1	0.01
CD177	SHBG	0.01
CD1B	PSAP	0.01
CD1D	CEACAM5	0.01
CD1D	LILRB2	0.01
CD2	CD48	0.01
CD2	CD58	0.01
CD2	CD59	0.01
CD209	CEACAM1	0.01
CD209	ICAM3	0.01
CD22	PTPN6	0.01
CD22	PTPRC	0.01
CD226	NECTIN2	0.01
CD24	SIGLEC10	0.01
CD247	PTPN3	0.01
CD247	TRBV7-9	0.01
CD247	ZAP70	0.01
CD248	MMRN2	0.01
CD274	CD80	0.01
CD274	CMTM6	0.01
CD274	PDCD1	0.01
CD276	IL20RA	0.01
CD28	CD80	0.01
CD28	CD86	0.01
CD28	ITK	0.01
CD28	PIK3R1	0.01
CD300A	IGSF5	0.01
CD300LB	FYN	0.01
CD300LB	HAVCR1	0.01
CD300LB	LRRC52	0.01
CD300LF	CD300LG	0.01
CD300LF	PTPN6	0.01
CD320	TCN1	0.01
CD320	TCN2	0.01
CD33	PTPN6	0.01
CD36	LY6H	0.01
CD36	NRN1	0.01
CD36	SCRG1	0.01
CD36	THBS1	0.01
CD38	PECAM1	0.01
CD3D	CD3E	0.01
CD3E	CD3G	0.01
CD3E	NCK1	0.01
CD4	CXCL12	0.01
CD4	HLA-DRB1	0.01
CD4	IL16	0.01
CD4	LCK	0.01
CD4	PIP	0.01
CD40	CD40LG	0.01
CD40	TRAF2	0.01
CD44	COL14A1	0.01
CD44	COL1A1	0.01
CD44	DMP1	0.01
CD44	HBEGF	0.01
CD44	LGALS9	0.01
CD44	MMP7	0.01
CD44	SIGLEC15	0.01
CD44	SPP1	0.01
CD44	VCAN	0.01
CD47	COL4A3	0.01
CD47	SCN1B	0.01
CD47	SIRPB2	0.01
CD48	IL18	0.01
CD5	CD5L	0.01
CD5	LCK	0.01
CD63	ENAM	0.01
CD63	TIMP1	0.01
CD69	LGALS1	0.01
CD7	LGALS1	0.01
CD7	SECTM1	0.01
CD70	TNFRSF17	0.01
CD72	SEMA4D	0.01
CD82	HBEGF	0.01
CD82	HLA-DRA	0.01
CD8A	HLA-A	0.01
CD9	HBEGF	0.01
CD9	IZUMO1	0.01
CD93	COL1A1	0.01
CD93	COL4A1	0.01
CD93	COL4A2	0.01
CD93	COL4A3	0.01
CD93	COL4A4	0.01
CD93	COL4A5	0.01
CD93	COL4A6	0.01
CD93	F12	0.01
CD93	KNG1	0.01
CD93	MMRN2	0.01
CD93	SFTPA2	0.01
CD96	PVR	0.01
CDC14A	TP53	0.01
CDC14B	KMT5A	0.01
CDC16	CDK1	0.01
CDC20	FBXO5	0.01
CDC20	MAD2L1	0.01
CDC20	MAD2L2	0.01
CDC25A	CHEK1	0.01
CDC25A	CHEK2	0.01
CDC25A	STK38	0.01
CDC25B	CHEK1	0.01
CDC25B	FOXM1	0.01
CDC25B	MELK	0.01
CDC25B	PEG3	0.01
CDC25C	CHEK1	0.01
CDC25C	PKN1	0.01
CDC27	CDK1	0.01
CDC34	CSNK2B	0.01
CDC37	PPP5C	0.01
CDC42	DOCK6	0.01
CDC42	DOCK8	0.01
CDC42	FGD3	0.01
CDC42	IQGAP1	0.01
CDC42	ITSN1	0.01
CDC42	MCF2	0.01
CDC42	OPHN1	0.01
CDC42	PLEKHG4	0.01
CDC42	PLEKHG4B	0.01
CDC42	SPATA13	0.01
CDC42BPA	LIMK2	0.01
CDC42BPA	MYL2	0.01
CDC42EP1	PRKACB	0.01
CDC45	TOPBP1	0.01
CDC6	CDK2	0.01
CDC7	DTD1	0.01
CDC7	MCM2	0.01
CDC7	MCM4	0.01
CDC7	MCM7	0.01
CDC73	CPSF3	0.01
CDC73	CTNNB1	0.01
CDCA3	WEE1	0.01
CDCA4	E2F1	0.01
CDCA8	TTK	0.01
CDCP1	EGFR	0.01
CDH1	CTNNA1	0.01
CDH1	CTNNA3	0.01
CDH1	CTNND1	0.01
CDH1	KLRG1	0.01
CDH1	PTPRM	0.01
CDH11	CTNNB1	0.01
CDH15	CTNNB1	0.01
CDH16	CTNNB1	0.01
CDH19	CTNNB1	0.01
CDH2	CDH4	0.01
CDH2	CTNND1	0.01
CDH22	CTNNB1	0.01
CDH24	CTNNB1	0.01
CDH3	CTNNB1	0.01
CDH6	CTNNB1	0.01
CDH8	CTNNB1	0.01
CDK1	CDK7	0.01
CDK1	CKAP2	0.01
CDK1	CKS1B	0.01
CDK1	DLGAP5	0.01
CDK1	ECT2	0.01
CDK1	EML3	0.01
CDK1	EPN1	0.01
CDK1	FANCG	0.01
CDK1	GADD45A	0.01
CDK1	GOLGA2	0.01
CDK1	H1-1	0.01
CDK1	HMGA2	0.01
CDK1	IREB2	0.01
CDK1	ISL1	0.01
CDK1	KIF11	0.01
CDK1	KIF20B	0.01
CDK1	KIF22	0.01
CDK1	KIFC1	0.01
CDK1	LBR	0.01
CDK1	MKI67	0.01
CDK1	MTHFR	0.01
CDK1	MYT1	0.01
CDK1	MYT1L	0.01
CDK1	NSFL1C	0.01
CDK1	NUP210	0.01
CDK1	NUP50	0.01
CDK1	PALM	0.01
CDK1	PAPOLA	0.01
CDK1	PCDH1	0.01
CDK1	PIK3C2A	0.01
CDK1	PIK3C3	0.01
CDK1	PITPNM1	0.01
CDK1	PLEC	0.01
CDK1	PPP1R13L	0.01
CDK1	PRPS1	0.01
CDK1	PTTG2	0.01
CDK1	RAP1GAP	0.01
CDK1	RPS3	0.01
CDK1	SAMHD1	0.01
CDK1	SKA3	0.01
CDK1	SLBP	0.01
CDK1	SPAG5	0.01
CDK1	SSBP4	0.01
CDK1	SYN3	0.01
CDK1	TEX14	0.01
CDK1	TFCP2L1	0.01
CDK1	TK1	0.01
CDK1	TSC1	0.01
CDK1	UBA1	0.01
CDK1	USP16	0.01
CDK1	WAC	0.01
CDK1	WEE2	0.01
CDK11A	EIF3F	0.01
CDK11A	GADD45B	0.01
CDK11A	GADD45G	0.01
CDK11A	SPDEF	0.01
CDK11B	EIF3F	0.01
CDK12	POLR2A	0.01
CDK13	CHEK1	0.01
CDK13	SERINC5	0.01
CDK16	CDK5	0.01
CDK18	PRKACA	0.01
CDK2	CDK20	0.01
CDK2	CDKN3	0.01
CDK2	CDT1	0.01
CDK2	CROCC	0.01
CDK2	FOXK2	0.01
CDK2	H1-1	0.01
CDK2	HIRA	0.01
CDK2	JPH1	0.01
CDK2	KLF10	0.01
CDK2	MCM3AP	0.01
CDK2	NPAT	0.01
CDK2	NR1I2	0.01
CDK2	ORC1	0.01
CDK2	ORC2	0.01
CDK2	POLA1	0.01
CDK2	PRKAR1A	0.01
CDK2	PTHLH	0.01
CDK2	RBBP8	0.01
CDK2	RPL12	0.01
CDK2	RRM2	0.01
CDK2	SCML2	0.01
CDK2	SLCO4A1	0.01
CDK2	SOX11	0.01
CDK2	SPDYA	0.01
CDK2	SYNPO	0.01
CDK2	TFCP2	0.01
CDK2	UBE2A	0.01
CDK2	USP37	0.01
CDK2	ZHX3	0.01
CDK20	CILK1	0.01
CDK2AP1	IKBKE	0.01
CDK3	ESR1	0.01
CDK4	GATA4	0.01
CDK5	DBN1	0.01
CDK5	DCX	0.01
CDK5	EFHD2	0.01
CDK5	PHACTR3	0.01
CDK5	PPP1R1B	0.01
CDK5	RASGRF2	0.01
CDK5	STMN3	0.01
CDK5	STXBP2	0.01
CDK5	TPPP	0.01
CDK5	XDH	0.01
CDK5RAP2	CEP68	0.01
CDK5RAP3	CHEK1	0.01
CDK6	CDK7	0.01
CDK6	CDKN1A	0.01
CDK6	CDKN2C	0.01
CDK6	CDKN2D	0.01
CDK6	PKM	0.01
CDK6	RUNX1	0.01
CDK7	LASP1	0.01
CDK7	MCM2	0.01
CDK7	RARA	0.01
CDK8	MED13	0.01
CDK8	STAT1	0.01
CDK9	POLR2A	0.01
CDK9	SUPT5H	0.01
CDKL1	CDKN2B	0.01
CDKL5	LRRC4C	0.01
CDKL5	SOX9	0.01
CDKN1A	DAPK3	0.01
CDKN1A	DYRK1B	0.01
CDKN1A	GFI1B	0.01
CDKN1A	PIM1	0.01
CDKN1A	SP1	0.01
CDKN1B	CUL1	0.01
CDKN1B	FOXO1	0.01
CDKN1B	YWHAE	0.01
CDKN2A	E2F1	0.01
CDKN2A	NPM1	0.01
CDKN2A	PSMC3	0.01
CDKN2B	FOXO1	0.01
CDKN2D	FOXO1	0.01
CDON	DHH	0.01
CDR2	MYC	0.01
CDT1	E2F4	0.01
CDT1	PCNA	0.01
CDYL	EHMT2	0.01
CEACAM1	CEACAM8	0.01
CEACAM16	TECTA	0.01
CEACAM16	TECTB	0.01
CEACAM4	FLT4	0.01
CEACAM6	CEACAM8	0.01
CEACAM8	TECTB	0.01
CEBPA	LTF	0.01
CEBPA	SPI1	0.01
CEBPB	GSK3B	0.01
CEBPB	LBP	0.01
CEBPD	GSK3B	0.01
CEBPE	RARA	0.01
CEL	CXCR4	0.01
CELSR1	PSAP	0.01
CENPA	DIAPH3	0.01
CENPA	HJURP	0.01
CENPB	FOXM1	0.01
CENPF	FOXM1	0.01
CENPK	SOX6	0.01
CENPU	PLK1	0.01
CEP131	MAPKAPK2	0.01
CEP131	PLK4	0.01
CEP55	MAPK1	0.01
CEP55	PLK1	0.01
CEP68	PLK1	0.01
CERS5	CSNK2A1	0.01
CFB	CFD	0.01
CFB	CFH	0.01
CFH	PTX3	0.01
CFL1	LIMK1	0.01
CFL1	NRK	0.01
CFL1	SSH3	0.01
CFL1	TESK1	0.01
CFL2	LIMK1	0.01
CFTR	GOPC	0.01
CFTR	PRKG1	0.01
CGA	LHCGR	0.01
CGA	LHX4	0.01
CGB7	LHCGR	0.01
CH25H	FOXL2	0.01
CHAD	ITGA2	0.01
CHAMP1	MAD2L2	0.01
CHAT	PRKCA	0.01
CHD1L	PARP1	0.01
CHD3	TRIM28	0.01
CHD8	CTNNB1	0.01
CHEK1	CLSPN	0.01
CHEK1	CSNK2B	0.01
CHEK1	FANCD2	0.01
CHEK1	FANCE	0.01
CHEK1	H3C3	0.01
CHEK1	HCK	0.01
CHEK1	OGT	0.01
CHEK1	SETMAR	0.01
CHEK1	TIMELESS	0.01
CHEK1	TP73	0.01
CHEK2	E2F1	0.01
CHEK2	EXO1	0.01
CHEK2	KPNA2	0.01
CHEK2	PLK3	0.01
CHEK2	TRIM28	0.01
CHEK2	TTK	0.01
CHEK2	XRCC1	0.01
CHGA	CSNK2A2	0.01
CHIA	STAT6	0.01
CHKA	CTNNB1	0.01
CHKA	PLIN2	0.01
CHKB	PRKACA	0.01
CHRD	HHEX	0.01
CHRM1	GNAI2	0.01
CHRM3	GZMB	0.01
CHRNA1	KDM1A	0.01
CHRNA3	SLURP2	0.01
CHRNA4	SLURP2	0.01
CHRNA7	SLURP2	0.01
CHRNA7	SRC	0.01
CHRNB2	SLURP2	0.01
CHRNB4	SLURP2	0.01
CHUK	ERC1	0.01
CHUK	FOXA2	0.01
CHUK	MTURN	0.01
CHUK	NFKB2	0.01
CIDEC	PPARA	0.01
CIP2A	PLK1	0.01
CISH	EPOR	0.01
CIT	MYL9	0.01
CITED1	RELA	0.01
CITED2	MAPK1	0.01
CKS2	HINFP	0.01
CLASP2	CLIP2	0.01
CLASP2	GSK3B	0.01
CLCF1	CNTFR	0.01
CLCF1	CRLF1	0.01
CLCF1	LIFR	0.01
CLDN1	TJP1	0.01
CLDN11	TSPAN3	0.01
CLDN11	TSPAN33	0.01
CLDN14	CLDN16	0.01
CLDN16	CLDN19	0.01
CLDN16	TRPV5	0.01
CLDN19	CLDN9	0.01
CLDN2	KRTAP4-12	0.01
CLDN3	PRKACA	0.01
CLDN4	SHBG	0.01
CLDN7	TACSTD2	0.01
CLDN8	TJP1	0.01
CLEC11A	ITGA10	0.01
CLEC12A	PTPN6	0.01
CLEC14A	MMRN2	0.01
CLEC1B	PDPN	0.01
CLEC4M	ICAM3	0.01
CLEC7A	STAT6	0.01
CLIP1	HLA-DMA	0.01
CLIP1	HLA-DMB	0.01
CLIP1	PAFAH1B1	0.01
CLK1	PTPN1	0.01
CLK1	SRSF1	0.01
CLK2	PTPN1	0.01
CLK3	SRSF1	0.01
CLK3	USP13	0.01
CLMN	PRKG1	0.01
CLSPN	PI4K2A	0.01
CLSTN2	NRXN2	0.01
CLTB	CSNK2A2	0.01
CLTC	PICALM	0.01
CLTC	SRC	0.01
CLTCL1	PICALM	0.01
CLU	LRP2	0.01
CLUL1	GPR55	0.01
CMA1	EDN3	0.01
CMKLR1	RARRES2	0.01
CNKSR1	RAF1	0.01
CNMD	PTPRD	0.01
CNN1	FYN	0.01
CNN3	FYN	0.01
CNR2	DAGLA	0.01
CNR2	GNAI1	0.01
CNTN1	CNTN2	0.01
CNTN1	L1CAM	0.01
CNTN1	PCDHB7	0.01
CNTN1	TNR	0.01
CNTN2	CNTNAP2	0.01
CNTN2	NRCAM	0.01
CNTN3	PTPRG	0.01
CNTN4	PTPRG	0.01
CNTN5	PTPRG	0.01
CNTNAP1	RTN4	0.01
COL10A1	ITGA2_ITGB1	0.01
COL11A1	DDR1	0.01
COL13A1	FN1	0.01
COL15A1	ITGA2_ITGB1	0.01
COL17A1	ITGA2_ITGB1	0.01
COL19A1	ITGA2_ITGB1	0.01
COL1A1	DDR1	0.01
COL1A1	DDR2	0.01
COL1A1	GP6	0.01
COL1A1	ITGA11	0.01
COL1A1	ITGA11_ITGB1	0.01
COL1A1	ITGA2	0.01
COL1A1	ITGA2_ITGB1	0.01
COL1A1	LAIR1	0.01
COL1A1	TMPRSS6	0.01
COL1A2	ITGA2	0.01
COL1A2	OSCAR	0.01
COL21A1	ITGA2_ITGB1	0.01
COL22A1	ITGA2_ITGB1	0.01
COL26A1	ITGA11_ITGB1	0.01
COL27A1	ITGA2_ITGB1	0.01
COL28A1	ITGA2_ITGB1	0.01
COL2A1	DDR1	0.01
COL2A1	ITGA10	0.01
COL2A1	ITGA2B	0.01
COL3A1	DDR1	0.01
COL4A4	PXDN	0.01
COL5A1	SDC3	0.01
COL5A2	DDR1	0.01
COL5A3	SDC3	0.01
COL6A1	ITGA2_ITGB1	0.01
COL6A5	ITGA2_ITGB1	0.01
COL6A6	ITGA2_ITGB1	0.01
COL7A1	ITGA2_ITGB1	0.01
COL8A1	ITGA1	0.01
COL8A1	ITGA2	0.01
COL8A2	ITGA2_ITGB1	0.01
COL9A2	MAG	0.01
COL9A3	MAG	0.01
COLEC11	MASP1	0.01
COLEC12	LAIR1	0.01
COMP	ITGB3	0.01
COPS3	MLF1	0.01
COPS3	SOS1	0.01
CORO1B	PRKCA	0.01
CORO1C	CSNK2A1	0.01
CORO7	SRC	0.01
CORT	GHSR	0.01
CORT	SSTR2	0.01
CP	SHH	0.01
CP	SLC40A1	0.01
CPAMD8	SCTR	0.01
CPEB3	NEURL1	0.01
CPM	EGF	0.01
CPNE3	ERBB2	0.01
CR2	FCER2	0.01
CRABP1	ZBTB16	0.01
CRABP2	RARA	0.01
CRBN	FBXO7	0.01
CRBN	IKZF3	0.01
CRBN	SALL4	0.01
CREB1	DYRK3	0.01
CREB1	FST	0.01
CREB1	LDHC	0.01
CREB1	RPS6KA2	0.01
CREB1	SGK2	0.01
CREB1	SGK3	0.01
CREB1	TSSK4	0.01
CREBBP	JUN	0.01
CREBBP	MYBL1	0.01
CREM	FHL5	0.01
CREM	KCNIP3	0.01
CRH	CRHR1	0.01
CRHR1	UCN	0.01
CRHR2	UCN	0.01
CRHR2	UCN2	0.01
CRIP2	PRKG1	0.01
CRK	DOCK1	0.01
CRK	DOK4	0.01
CRK	PDGFRA	0.01
CRLF2	TSLP	0.01
CRTC1	SIK1	0.01
CRTC2	PRKAA1_PRKAA2_PRKAB1_PRKAB2_PRKAG1_PRKAG2_PRKAG3	0.01
CRTC2	SIK1	0.01
CRTC2	SIK2	0.01
CRTC2	SIK3	0.01
CRY2	FBXL17	0.01
CRY2	FBXL3	0.01
CRYAB	MAPK14	0.01
CSF1	CSF1R	0.01
CSF1	CSF2RA	0.01
CSF2	CSF2RA	0.01
CSF2	CSF3R	0.01
CSF2	IL3RA	0.01
CSF2	SDC2	0.01
CSF3	CSF3R	0.01
CSNK1A1	FAM83B	0.01
CSNK1A1	FAM83D	0.01
CSNK1A1	FAM83G	0.01
CSNK1A1	FAM83H	0.01
CSNK1A1	HNRNPC	0.01
CSNK1A1	LGALS3	0.01
CSNK1A1	RHOB	0.01
CSNK1A1	SLC18A2	0.01
CSNK1A1	SNCA	0.01
CSNK1A1	TP53TG5	0.01
CSNK1A1	ZRANB1	0.01
CSNK1A1L	TP53	0.01
CSNK1D	LZTS2	0.01
CSNK1D	PER2	0.01
CSNK1E	DVL1	0.01
CSNK1E	FAM83A	0.01
CSNK1E	PER2	0.01
CSNK1G1	LRP6	0.01
CSNK1G1	NFATC1	0.01
CSNK1G1	NFATC3	0.01
CSNK1G2	DCLK1	0.01
CSNK1G2	NFATC3	0.01
CSNK2A1	EEF1B2	0.01
CSNK2A1	EIF2S2	0.01
CSNK2A1	FKBP4	0.01
CSNK2A1	FOSB	0.01
CSNK2A1	GGA1	0.01
CSNK2A1	HES6	0.01
CSNK2A1	HMGA1	0.01
CSNK2A1	HMOX2	0.01
CSNK2A1	HNRNPC	0.01
CSNK2A1	IFI16	0.01
CSNK2A1	IGFBP3	0.01
CSNK2A1	IP6K2	0.01
CSNK2A1	LIG1	0.01
CSNK2A1	MUS81	0.01
CSNK2A1	MYH9	0.01
CSNK2A1	NCAPH	0.01
CSNK2A1	NKX2-5	0.01
CSNK2A1	PACS1	0.01
CSNK2A1	PDCD5	0.01
CSNK2A1	PIN4	0.01
CSNK2A1	PSMA3	0.01
CSNK2A1	RNPS1	0.01
CSNK2A1	SAT1	0.01
CSNK2A1	SEC63	0.01
CSNK2A1	SERPINF1	0.01
CSNK2A1	SPIB	0.01
CSNK2A1	SPTBN1	0.01
CSNK2A1	SRF	0.01
CSNK2A1	STARD10	0.01
CSNK2A1	STC2	0.01
CSNK2A1	STX1A	0.01
CSNK2A1	TCOF1	0.01
CSNK2A1	TYMS	0.01
CSNK2A1	UBE2R2	0.01
CSNK2A1	VAMP4	0.01
CSNK2A1	XK	0.01
CSNK2A2	EIF4EBP1	0.01
CSNK2A2	MS4A1	0.01
CSNK2A2	STX1A	0.01
CSNK2A3	F8	0.01
CSNK2B	EIF5	0.01
CSNK2B	HOXB6	0.01
CSNK2B	NCF1	0.01
CTBP1	HIPK2	0.01
CTBP1	MAPK8	0.01
CTBP1	TBL1Y	0.01
CTBP1	ZEB2	0.01
CTF1	LIFR	0.01
CTH	PRKG2	0.01
CTHRC1	FZD6	0.01
CTNNB1	FOXO3B	0.01
CTNNB1	LEF1	0.01
CTNNB1	NKD1	0.01
CTNNB1	PTPRU	0.01
CTNNB1	SOX17	0.01
CTNNB1	TBL1X	0.01
CTNNB1	TCF4	0.01
CTNNB1	TCF7	0.01
CTNNB1	TCF7L2	0.01
CTNND1	PTPRJ	0.01
CTPS1	GSK3B	0.01
CTSB	REN	0.01
CTTN	CTTNBP2	0.01
CTTN	FER	0.01
CTTN	HDAC6	0.01
CTTN	PTK2B	0.01
CTTNBP2NL	STRN	0.01
CUBN	LRP2	0.01
CUL1_FBXW7_RBX1_SKP1	MYC	0.01
CUL1_RBX1_SKP1	FBXL5	0.01
CUL1_RBX1_SKP1	FBXO15	0.01
CUL1_RBX1_SKP1	FBXO2	0.01
CUL1_RBX1_SKP1	FBXO6	0.01
CUL1	RBX1	0.01
CUL3_RBX1_SKP1	KLHL25	0.01
CUL3_RBX1_SKP1	KLHL8	0.01
CUL3_RBX1_SKP1	RHOBTB3	0.01
CUL3	KCTD10	0.01
CUL3	KCTD13	0.01
CUL3	KEAP1	0.01
CUL3	TNFAIP1	0.01
CUL4A	NEDD8	0.01
CUL5	PRKACA	0.01
CUX2	OGG1	0.01
CX3CL1	CX3CR1	0.01
CXCL1	CXCR1	0.01
CXCL12	CXCR4	0.01
CXCL13	CXCR3	0.01
CXCL14	CXCR4	0.01
CXCL14	GPR85	0.01
CXCL16	CXCR6	0.01
CXCL17	GPR35	0.01
CXCL2	CXCR1	0.01
CXCL2	XCR1	0.01
CXCL5	CXCR1	0.01
CXCL5	MMP9	0.01
CXCL8	SDC2	0.01
CXCR1	GNAI2	0.01
CXCR4	TFF2	0.01
CXXC4	DVL1	0.01
CXXC5	DVL1	0.01
CYBA	NCF1	0.01
CYBB	SPI1	0.01
CYLD	IKBKE	0.01
CYP17A1	PBX1	0.01
CYP19A1	SRC	0.01
CYP26A1	RARA	0.01
CYP3A4	PRKCA	0.01
CYP8B1	HNF4A	0.01
CYSLTR2	DPEP1	0.01
CYSLTR2	GNA14	0.01
CYTH2	PRKCA	0.01
DAAM1	DVL1	0.01
DAB1	SRC	0.01
DAB2	DVL3	0.01
DAB2	PPP1R2	0.01
DACH1	SIX1	0.01
DACH2	SIX1	0.01
DACT1	DVL2	0.01
DACT2	TGFBR1	0.01
DAGLA	GPR55	0.01
DAP3	PRKCD	0.01
DAPK1	MCM3	0.01
DAPK1	PIN1	0.01
DAPK1	UNC5B	0.01
DAPK2	KLF6	0.01
DAPK2	RPTOR	0.01
DAPK3	MYL9	0.01
DAPK3	RPL13A	0.01
DAXX	HIPK1	0.01
DAXX	UBE2I	0.01
DAZAP1	MAPK1	0.01
DAZL	MAPKAPK2	0.01
DBNL	ZAP70	0.01
DBP	JAK3	0.01
DCAF1	NF2	0.01
DCAF15	RBM39	0.01
DCBLD2	SEMA4B	0.01
DCC	DRAXIN	0.01
DCC	IGFBPL1	0.01
DCC	MYO10	0.01
DCC	NTN1	0.01
DCHS1	FAT4	0.01
DCLK1	MACC1	0.01
DCLK3	RAMP1	0.01
DCN	TGFB1	0.01
DCP1A	MAPK8	0.01
DCT	SOX10	0.01
DDAH2	TBK1	0.01
DDB2	E2F1	0.01
DDC_SLC18A2	DRD2	0.01
DDC_SLC18A2	DRD4	0.01
DDIT4	GSK3B	0.01
DDR1	TM4SF1	0.01
DDX17	ESR1	0.01
DDX25	PRKACA	0.01
DDX3X	EIF4E	0.01
DDX3X	PABPC1	0.01
DEK	SPOP	0.01
DEPTOR	MTOR	0.01
DERL1	VCP	0.01
DGKA	SRC	0.01
DGKZ	PRKCA	0.01
DGUOK	PRKCA	0.01
DHH	HHIP	0.01
DHH	PTCH1	0.01
DHPS	EIF5A	0.01
DHPS	MAPK3	0.01
DHX58	RIGI	0.01
DICER1	TARBP2	0.01
DISC1	NDEL1	0.01
DISP3	SHH	0.01
DKK1	KREMEN1	0.01
DKK1	KREMEN2	0.01
DKK1	LRP6	0.01
DLD	RIPK3	0.01
DLG1	MAPK12	0.01
DLG1	PBK	0.01
DLG3	GDA	0.01
DLG3	GRIN2A	0.01
DLG4	DLGAP1	0.01
DLG4	DLGAP2	0.01
DLG4	DLGAP3	0.01
DLG4	DLGAP4	0.01
DLG4	GRIN2A	0.01
DLG4	GRIN2B	0.01
DLG4	LRFN1	0.01
DLG4	LRRC4	0.01
DLG4	MAP1A	0.01
DLG4	NLGN1	0.01
DLG4	TANC1	0.01
DLGAP1	SHANK2	0.01
DLK2	NOTCH1	0.01
DLL1	NOTCH3	0.01
DLL1	TNFRSF8	0.01
DLL4	NOTCH2	0.01
DLL4	NOTCH3	0.01
DLL4	NOTCH4	0.01
DLL4	SYNJ2BP	0.01
DLX2	MSX1	0.01
DLX2	MSX2	0.01
DLX3	PRKCA	0.01
DLX5	MSX2	0.01
DMPK	PPP1R12A	0.01
DMTN	PRKACA	0.01
DNAJB1	HSF1	0.01
DNAJB11	PRTG	0.01
DNAJC3	EIF2AK2	0.01
DNER	NOTCH1	0.01
DNM1	SNX9	0.01
DNM1	SRC	0.01
DNM2	GJB2	0.01
DNM2	SNX9	0.01
DNMT1	HELLS	0.01
DNMT1	PCNA	0.01
DNMT1	UHRF1	0.01
DNMT3B	EHMT2	0.01
DOC2B	PRKCI	0.01
DOCK1	RAC1	0.01
DOCK7	ERBB2	0.01
DOCK7	NBEAL2	0.01
DOK1	INSR	0.01
DOK1	ITGB7	0.01
DOK1	RET	0.01
DOK1	TEC	0.01
DOK2	HCK	0.01
DOK5	INSR	0.01
DOK6	RET	0.01
DOK7	MUSK	0.01
DPP3	KEAP1	0.01
DPP4	GIP	0.01
DPP4	HNF1B	0.01
DPP6	KCND2	0.01
DPYSL3	DYRK2	0.01
DRD1	GNAS	0.01
DRD2	FLNA	0.01
DRD2	NCS1	0.01
DRD2	TSPAN7	0.01
DSC1	DSG3	0.01
DSC2	DSG2	0.01
DSC3	DSG2	0.01
DSC3	DSG3	0.01
DSCAM	NTN1	0.01
DSCAM	PSG6	0.01
DSCAM	PSG9	0.01
DSP	PKP2	0.01
DSP	PRKACA	0.01
DSTN	LIMK2	0.01
DTL	KMT5A	0.01
DTL	PCNA	0.01
DUSP1	MAPK14	0.01
DUSP19	MAPK8	0.01
DUSP23	MAPK3	0.01
DUSP26	TP53	0.01
DUSP4	MAPK1	0.01
DUSP5	MAPK3	0.01
DUSP6	MAPK3	0.01
DUSP7	GHR	0.01
DUSP8	MAPK8	0.01
DUSP9	MAPK14	0.01
DVL1	HECW1	0.01
DVL1	INVS	0.01
DVL1	PI4K2B	0.01
DVL1	SDC4	0.01
DVL3	LRRFIP2	0.01
DYNC1I1	RPS6KA3	0.01
DYNLL1	PAK1	0.01
DYNLRB1	PRKACA	0.01
DYRK1A	FOXO1	0.01
DYRK1B	NKX3-1	0.01
DYRK1B	RANBP9	0.01
DYRK2	GLI2	0.01
DYRK2	PSMC4	0.01
E2F1	GTF2H1	0.01
E2F1	KAT2A	0.01
E2F1	MIR17HG	0.01
E2F1	TFDP1	0.01
E2F1	TOPBP1	0.01
E2F2	TFDP1	0.01
E2F4	RBL2	0.01
E2F7	E2F8	0.01
E2F7	SP1	0.01
E4F1	TP53	0.01
EBAG9	ESR1	0.01
EBI3	IL27RA	0.01
EBI3	IL6ST	0.01
ECE1	EDN1	0.01
ECM1	ITGB4	0.01
ECSIT	TRAF6	0.01
EDA	EDA2R	0.01
EDA	FURIN	0.01
EDIL3	ITGAV	0.01
EDN1	EDNRA	0.01
EDN2	EDNRA	0.01
EDN3	EDNRA	0.01
EDN3	KEL	0.01
EDNRA	GNAI2	0.01
EEF1A1	PASK	0.01
EEF1A1	PRKCD	0.01
EFEMP1	EGFR	0.01
EFEMP2	ELN	0.01
EFEMP2	LINGO1	0.01
EFEMP2	LOX	0.01
EFEMP2	PLSCR4	0.01
EFHD1	HNF4A	0.01
EFNA2	EPHA2	0.01
EFNA2	EPHA7	0.01
EFNA3	EPHA10	0.01
EFNA3	EPHA3	0.01
EFNA3	EPHA5	0.01
EFNA4	EPHA5	0.01
EFNA4	EPHA6	0.01
EFNA4	EPHA7	0.01
EFNA5	EPHA2	0.01
EFNA5	EPHA4	0.01
EFNB1	EPHB1	0.01
EFNB1	EPHB2	0.01
EFNB1	EPHB4	0.01
EFNB1	NAALAD2	0.01
EFNB1	SLAMF9	0.01
EFNB1	TRHDE	0.01
EFNB2	EPHA3	0.01
EFNB2	EPHB3	0.01
EFNB2	EPHB4	0.01
EFNB2	EPHB6	0.01
EFNB2	FCRL1	0.01
EFNB2	GRM1	0.01
EFNB2	RHBDL2	0.01
EFNB3	EPHB3	0.01
EFS	SRC	0.01
EGF	ERBB3	0.01
EGFL7	NOTCH2	0.01
EGFR	EPB41	0.01
EGFR	EPS8	0.01
EGFR	GALNT8	0.01
EGFR	HGS	0.01
EGFR	KCND3	0.01
EGFR	KCNN1	0.01
EGFR	NIBAN2	0.01
EGFR	PIK3C2B	0.01
EGFR	PTPRK	0.01
EGFR	RGS16	0.01
EGFR	SCAMP3	0.01
EGFR	SHC3	0.01
EGFR	ST6GAL1	0.01
EGFR	STAM2	0.01
EGFR	TRIP13	0.01
EGLN1	OS9	0.01
EGLN3	HIF1A	0.01
EGLN3	OS9	0.01
EGR1	NAB2	0.01
EGR1	TP53	0.01
EGR2	SOX10	0.01
EHMT2	H3C3	0.01
EHMT2	KLF12	0.01
EIF2AK2	NFKBIA	0.01
EIF2AK2	PRKRA	0.01
EIF2AK3	EIF2S1	0.01
EIF2AK3	HSPA5	0.01
EIF2AK3	NFE2L2	0.01
EIF2AK3	SLC7A1	0.01
EIF2B2	EIF2S1	0.01
EIF2B3	EIF2S1	0.01
EIF2B4	EIF2S1	0.01
EIF2S1	PROKR1	0.01
EIF3I	TGFBR2	0.01
EIF4E	EIF4EBP3	0.01
EIF4E	MKNK1	0.01
EIF4EBP1	RORC	0.01
EIF4G3	PNCK	0.01
EIF6	PRKCB	0.01
ELANE	F2R	0.01
ELANE	SERPIND1	0.01
ELF3	PAK1	0.01
ELF4	MAPK8	0.01
ELFN1	FLT1	0.01
ELK1	PRP4K	0.01
ELK1	TAOK2	0.01
ELK3	MAPK14	0.01
ELMO1	HCK	0.01
ELN	FBLN5	0.01
ELP1	MAPK8	0.01
EMB	LYN	0.01
EML4	NEK6	0.01
EN2	PRKACA	0.01
ENC1	NFE2L2	0.01
ENG	KCNAB1	0.01
ENG	SCEL	0.01
ENG	SPARC	0.01
ENG	TGFBR2	0.01
ENO1	SRC	0.01
ENPP1	INSR	0.01
ENTPD1	TMIGD3	0.01
EP300	H2BC11	0.01
EP300	HIF1A	0.01
EP300	RPS6KA6	0.01
EP300	SENP3	0.01
EPAS1	PRKD1	0.01
EPB41L2	MAPK14	0.01
EPB41L3	PRKCB	0.01
EPGN	ERBB4	0.01
EPHA2	SLA	0.01
EPHA4	NGEF	0.01
EPHB1	PXN	0.01
EPHB2	SYNJ1	0.01
EPHB2	TAGAP	0.01
EPHX1	FOXA2	0.01
EPM2A	GSK3B	0.01
EPM2A	NHLRC1	0.01
EPOR	JAK2	0.01
EPOR	KIT	0.01
EPOR	SOCS2	0.01
ERBB2	GRB7	0.01
ERBB3	GRB7	0.01
ERBB3	L1CAM	0.01
ERBB3	NRG1	0.01
ERBB3	NRG2	0.01
ERBB3	PA2G4	0.01
ERBB4	EREG	0.01
ERBB4	HBEGF	0.01
ERBB4	LRIG1	0.01
ERBB4	NRG2	0.01
ERBB4	NRG3	0.01
ERBB4	SNTB2	0.01
ERBB4	STAT5A	0.01
ERBB4	TGFA	0.01
ERBB4	ZNF652	0.01
ERBIN	NOD2	0.01
ERBIN	PKP4	0.01
ERCC1	XPA	0.01
ERCC4	XPA	0.01
ERCC5	PCNA	0.01
ERCC6	ERCC8	0.01
ERCC6L	PLK1	0.01
ERCC8	TCEA2	0.01
ERCC8	XAB2	0.01
ERN2	HSPA5	0.01
ERO1A	ERP44	0.01
ERO1A	FAM20C	0.01
ERO1B	ERP44	0.01
ERVH48-1	SLC1A5	0.01
ESM1	HHEX	0.01
ESPL1	PTTG1	0.01
ESPL1	SMC1A	0.01
ESPN	MYO15A	0.01
ESR1	ESR2	0.01
ESR1	GTF2H2	0.01
ESR1	INA	0.01
ESR1	MAT1A	0.01
ESR1	MIR22HG	0.01
ESR1	MPG	0.01
ESR1	MTA1	0.01
ESR1	NCOA1	0.01
ESR1	PGR	0.01
ESR1	POU4F1	0.01
ESR1	XBP1	0.01
ESRRG	NR0B2	0.01
ETV1	RPS6KA5	0.01
ETV4	STK11	0.01
ETV5	PRKACA	0.01
ETV6	MAPK3	0.01
EVC	SMO	0.01
EVPL	MAPK14	0.01
EWSR1	MAPK11	0.01
EWSR1	PRMT8	0.01
EXTL1	SHH	0.01
EYA1	H2AX	0.01
EYA1	SIX1	0.01
EYA2	H2AX	0.01
EYA3	H2AX	0.01
EZH2	JAK3	0.01
F10	F3	0.01
F11	GP1BA	0.01
F11R	JAM2	0.01
F11R	TJP1	0.01
F12	GP1BA	0.01
F2	F2R	0.01
F2	F2RL1	0.01
F2	F2RL2	0.01
F2	F2RL3	0.01
F2	THBD	0.01
F2R	GNA15	0.01
F2R	GNAI2	0.01
F2R	KLK1	0.01
F2R	KLK6	0.01
F2R	KLK8	0.01
F2R	PRTN3	0.01
F2RL1	KLK5	0.01
F2RL1	KLK7	0.01
F2RL1	PLG	0.01
F2RL1	PRSS1	0.01
F2RL1	PRSS2	0.01
F2RL1	PRSS3	0.01
F2RL1	TPSAB1	0.01
F2RL1	TPSB2	0.01
F3	F7	0.01
F3	PRKCA	0.01
F7	HPN	0.01
F8	VWF	0.01
FA2H	GPR37	0.01
FAAP100	FANCA	0.01
FAAP24	FANCM	0.01
FABP3	PPARA	0.01
FABP4	INSR	0.01
FADD	FAS	0.01
FADD	HIPK3	0.01
FADD	PIDD1	0.01
FADD	TNFRSF10A	0.01
FADD	TNFRSF10B	0.01
FADD	TRADD	0.01
FAIM2	LEF1	0.01
FAM13A	RAC1	0.01
FAM20C	FGF23	0.01
FAM3B	FGFR2	0.01
FAM3C	LIFR	0.01
FAM3D	FPR2	0.01
FAN1	FANCD2	0.01
FANCD2	UBE2T	0.01
FANCD2	USP1	0.01
FANCI	USP1	0.01
FAP	NPY	0.01
FAS	PTPN13	0.01
FBLIM1	FERMT1	0.01
FBLIM1	FERMT2	0.01
FBLIM1	FLNB	0.01
FBLN1	ITGB1	0.01
FBLN2	ITGB3	0.01
FBN1	ITGA5	0.01
FBXL15	SMURF1	0.01
FBXL17	SUFU	0.01
FBXL21P	GSK3B	0.01
FBXL5	IREB2	0.01
FBXO11	TP53	0.01
FBXO33	YBX1	0.01
FBXO7	WDR62	0.01
FBXO9	TELO2	0.01
FBXW12	IL22RA1	0.01
FBXW5	PLK4	0.01
FBXW7	MYC	0.01
FBXW7	NOTCH1	0.01
FBXW7	NOTCH4	0.01
FBXW8	IRS1	0.01
FCAMR	PILRA	0.01
FCER1A	IGHE	0.01
FCER1A	ITIH2	0.01
FCER1A	PEAR1	0.01
FCER1G	PRKACA	0.01
FCGR1A	SPI1	0.01
FCGR2A	SYK	0.01
FCGR2B	FGL2	0.01
FCGR2B	LYN	0.01
FCGR2C	LYN	0.01
FCGR3A	IGHG1	0.01
FCGR3A	LCK	0.01
FCGR3B	IGHG1	0.01
FCGRT	IGFLR1	0.01
FCGRT	LILRA2	0.01
FCN2	LRP1	0.01
FCN3	MASP1	0.01
FCRL1	NETO2	0.01
FCRL3	ZAP70	0.01
FCRL4	JAML	0.01
FCRL4	TFF1	0.01
FDXR	TP53	0.01
FEN1	WRN	0.01
FER	PECAM1	0.01
FER	STAT3	0.01
FERMT2	IKBKE	0.01
FEZ1	MARK2	0.01
FFAR1	GNAQ	0.01
FFAR4	GNAQ	0.01
FGF1	FGFR3	0.01
FGF10	FGFR2	0.01
FGF11	FGFR2	0.01
FGF13	SCN2A	0.01
FGF13	SCN5A	0.01
FGF13	SCN8A	0.01
FGF16	FGFR2	0.01
FGF17	FGFR2	0.01
FGF19	FGFR4	0.01
FGF19	KLB	0.01
FGF2	FGFR3	0.01
FGF2	FGFR4	0.01
FGF2	FGFRL1	0.01
FGF2	GPC4	0.01
FGF2	LYVE1	0.01
FGF2	SDC1	0.01
FGF2	SDC2	0.01
FGF2	SDC4	0.01
FGF20	FGFR4	0.01
FGF23	FGFR3	0.01
FGF23	KL	0.01
FGF23	PHEX	0.01
FGF4	FGFR4	0.01
FGF4	POU5F1_SOX2	0.01
FGF7	FGFR2	0.01
FGFBP1	HIC1	0.01
FGFR1	LDHA	0.01
FGFR1	PRKCE	0.01
FGFR1	SHB	0.01
FGFR1	SYNCRIP	0.01
FGFR2	FRS2	0.01
FGFR2	PRKCE	0.01
FGFR3	STAT1	0.01
FGR	PTK2	0.01
FHIT	SRC	0.01
FHL1	RBPJ	0.01
FHOD1	PRKG1	0.01
FKBP5	NR3C1	0.01
FLII	SGK3	0.01
FLNA	GRM4	0.01
FLNA	GRM8	0.01
FLNA	PAK1	0.01
FLNC	PRKCA	0.01
FLOT1	SRC	0.01
FLT1	PGF	0.01
FLT3	IDH1	0.01
FLT3	IDH2	0.01
FLT3	SHC1	0.01
FLT4	VEGFC	0.01
FLT4	VEGFD	0.01
FMN2	MAPK14	0.01
FMNL2	PRKCA	0.01
FMO1	HNF4A	0.01
FN1	ITGA5	0.01
FN1	ITGA5_ITGB1	0.01
FN1	ITGA8	0.01
FN1	ITGA9	0.01
FN1	ITGB1	0.01
FN1	ITGB3	0.01
FN1	ITGB6	0.01
FN1	MAG	0.01
FN1	NT5E	0.01
FN1	TNC	0.01
FN1	TSHR	0.01
FNTA	TGFBR1	0.01
FNTB	HRAS	0.01
FOS	RPS6KA4	0.01
FOXA1	RARA	0.01
FOXA2	TFF1	0.01
FOXD3	NANOG	0.01
FOXF2	TBP	0.01
FOXG1	FOXO1	0.01
FOXG1	KDM5B	0.01
FOXH1	SMAD2	0.01
FOXI2	NOTCH1	0.01
FOXM1	LAMA4	0.01
FOXO1	HOXA10	0.01
FOXO1	KLF2	0.01
FOXO1	PCK1	0.01
FOXO1	SELENOP	0.01
FOXO1	SIRT1	0.01
FOXO1	STK4	0.01
FOXP1	IL2	0.01
FOXP1	SFTPC	0.01
FOXP3	PIM1	0.01
FPR1	TAFA4	0.01
FPR2	SAA1	0.01
FPR3	HEBP1	0.01
FRK	PTEN	0.01
FSTL3	MSTN	0.01
FTH1	NFE2L2	0.01
FUBP1	MYC	0.01
FUBP1	PUF60	0.01
FURIN	LRP1	0.01
FURIN	SORCS1	0.01
FUS	PRMT1	0.01
FXYD6	GDF9	0.01
FYCO1	KLC2	0.01
FYCO1	MAP1LC3A	0.01
FYN	GRIN2B	0.01
FYN	IFITM3	0.01
FYN	NPHS1	0.01
FYN	SLAMF1	0.01
FYN	THY1	0.01
FYN	TOM1L1	0.01
FYN	ZDHHC5	0.01
FZD3	WNT5A	0.01
FZD4	WNT5A	0.01
FZD4	WNT7B	0.01
FZD5	WNT10B	0.01
FZD5	WNT3A	0.01
FZD5	WNT5A	0.01
FZD5	WNT7A	0.01
FZD6	SFRP1	0.01
FZD6	SMOC2	0.01
FZD6	WNT3A	0.01
FZD6	WNT4	0.01
FZD7	MYOC	0.01
FZD7	WNT3	0.01
FZD7	WNT6	0.01
FZD8	LRP6	0.01
FZD8	WNT3	0.01
FZD8	WNT5B	0.01
FZD8	WNT8A	0.01
FZD9	WNT7A	0.01
GAB1	INSR	0.01
GAB1	MAPK1	0.01
GAB2	MAPK3	0.01
GAB2	ZAP70	0.01
GABARAPL1	NBR1	0.01
GABARAPL2	NBR1	0.01
GABARAPL2	TP53INP2	0.01
GABBR2	PRKACA	0.01
GABPA	KEAP1	0.01
GABRA1	PCDH19	0.01
GABRA1	PRKACA	0.01
GABRA2	PCDH19	0.01
GABRA5	PCDH19	0.01
GABRA6	PCDH19	0.01
GABRB1	PRKCA	0.01
GABRB2	PRKCB	0.01
GADD45A	TIA1	0.01
GADD45GIP1	NR4A1	0.01
GAK	SRC	0.01
GAL	GALR3	0.01
GALR2	GNAQ	0.01
GALR2	SPX	0.01
GALR3	SPX	0.01
GAP43	LYPLA2	0.01
GAP43	PRKCB	0.01
GAPDH	PRKAA1	0.01
GAS1	SHH	0.01
GAS6	MERTK	0.01
GAS6	TYRO3	0.01
GATA3	STAT6	0.01
GATA4	ZFPM2	0.01
GBGT1	NFAT5	0.01
GBX2	WNT1	0.01
GCG	GCGR	0.01
GCG	GLP1R	0.01
GCG	GLP2R	0.01
GCGR	GNAS	0.01
GCH1	GCHFR	0.01
GCLM	NFE2L2	0.01
GCSAM	SYK	0.01
GDF15	RET	0.01
GDF9	ORAI2	0.01
GDI1	RAB3A	0.01
GDNF	GFRA1	0.01
GFAP	NFIA	0.01
GFI1	PROX1	0.01
GFRA1	NRTN	0.01
GFRA1	PSPN	0.01
GFRA2	NRTN	0.01
GFRA4	PSPN	0.01
GHR	JAK2	0.01
GHRL	GHSR	0.01
GHRL	MLNR	0.01
GHSR	LEAP2	0.01
GIP	GIPR	0.01
GIPC1	ITGA5	0.01
GIPC1	TPBG	0.01
GIPC1	TYRP1	0.01
GIT1	PXN	0.01
GJA1	GJA3	0.01
GJA1	GJA5	0.01
GJA1	MAPK7	0.01
GJA1	PRKCE	0.01
GJA1	TJP1	0.01
GJA4	OPRM1	0.01
GJB1	PRKACA	0.01
GJB2	GJB6	0.01
GJC1	TJP1	0.01
GLI1	GLI2	0.01
GLI1	MTSS1	0.01
GLI1	NUMB	0.01
GLI1	PTCH1	0.01
GLI1	SUFU	0.01
GLI3	GSK3B	0.01
GLI3	SPOP	0.01
GLIS2	SUFU	0.01
GLIS3	SUFU	0.01
GLRB	SRC	0.01
GLRX	MAP3K5	0.01
GLS_SLC1A3	GRM4	0.01
GLS_SLC1A3	GRM6	0.01
GLS2_SLC1A7	GRIK3	0.01
GLS2_SLC1A7	GRM6	0.01
GLS2	TP53	0.01
GNA11	GNRHR	0.01
GNA11	PLCB2	0.01
GNA13	GPR35	0.01
GNA13	LPAR1	0.01
GNA14	OPRL1	0.01
GNA15	GRM2	0.01
GNA15	TRHR	0.01
GNAI1	GPR183	0.01
GNAI1	GPR84	0.01
GNAI1	HTR1D	0.01
GNAI1	NMUR2	0.01
GNAI1	S1PR1	0.01
GNAI1	S1PR3	0.01
GNAI1	SSTR2	0.01
GNAI2	LHCGR	0.01
GNAI2	MTNR1A	0.01
GNAI2	S1PR5	0.01
GNAL	P2RY6	0.01
GNAL	S1PR3	0.01
GNAO1	PTAFR	0.01
GNAQ	GRPR	0.01
GNAQ	HTR2A	0.01
GNAQ	RGS4	0.01
GNAQ	S1PR2	0.01
GNAQ	TBXA2R	0.01
GNAS	GNRHR	0.01
GNAS	GPR161	0.01
GNAS	GPR174	0.01
GNAS	HTR4	0.01
GNAS	PTGDR	0.01
GNAS	PTGER2	0.01
GNAS	PTGFR	0.01
GNAS	PTGIR	0.01
GNAS	VIPR1	0.01
GNAT2	SMO	0.01
GNAZ	GPR132	0.01
GNAZ	LPAR5	0.01
GNAZ	OXGR1	0.01
GNAZ	PRKCD	0.01
GNB1	GNG2	0.01
GNB1	SMO	0.01
GNB2	GRM1	0.01
GNB2	KCNA1	0.01
GNB3	TGFBR1	0.01
GNMT	PRKACA	0.01
GNRH1	GNRHR	0.01
GNRH1	POU3F2	0.01
GNRH2	GNRHR	0.01
GNRHR	MMP15	0.01
GOLGA2	RAB1A	0.01
GORASP2	MAPK1	0.01
GP1BA	TPST1	0.01
GP1BA	VWF	0.01
GP5	LAYN	0.01
GP5	SELP	0.01
GPC1	SLIT1	0.01
GPC1	VEGFA	0.01
GPC2	MDK	0.01
GPC3	IGF1R	0.01
GPHA2	TSHR	0.01
GPHN	GSK3B	0.01
GPM6A	PRKCA	0.01
GPR135	KNG1	0.01
GPR142	INSL5	0.01
GPR171	PCSK1N	0.01
GPR37	PRKN	0.01
GPR37	PSAP	0.01
GPR37L1	PSAP	0.01
GPR55	MSMB	0.01
GPR55	SPAG11B	0.01
GPR83	NPY	0.01
GPR83	PCSK1N	0.01
GPRIN1	MECP2	0.01
GRB10	IGF1R	0.01
GRB10	INSR	0.01
GRB14	INSR	0.01
GRB2	INPP5D	0.01
GRB2	SOS2	0.01
GRB7	KIT	0.01
GREB1	SMAD3	0.01
GRHL1	MAPK3	0.01
GRIA1	NPTX1	0.01
GRIA1	PRKG2	0.01
GRIA2	PICK1	0.01
GRIA2	PRKCA	0.01
GRIA4	PRKACA	0.01
GRID2	PTPN4	0.01
GRIK2	KLHL17	0.01
GRIK2	PRKACA	0.01
GRIN1	GRIN2C	0.01
GRIN1	PRKCA	0.01
GRIN2A	PTPN4	0.01
GRIN2B	PTPRG	0.01
GRIN2D	IL16	0.01
GRIP1	GRIPAP1	0.01
GRK1	RHO	0.01
GRK2	PDE6G	0.01
GRK2	RPLP2	0.01
GRK2	SNCA	0.01
GRK2	TUBB3	0.01
GRK5	SNCA	0.01
GRK5	SNCG	0.01
GRM7	PICK1	0.01
GRN	TNFRSF1A	0.01
GRPR	NMB	0.01
GRPR	PLA2G1B	0.01
GSC	HHEX	0.01
GSK3A	HSF1	0.01
GSK3B	GTF2IRD1	0.01
GSK3B	IL17RA	0.01
GSK3B	LRP6	0.01
GSK3B	MAP1B	0.01
GSK3B	MYCN	0.01
GSK3B	NACA	0.01
GSK3B	NEB	0.01
GSK3B	NIFK	0.01
GSK3B	NUDT11	0.01
GSK3B	PAX3	0.01
GSK3B	PPIF	0.01
GSK3B	RBM38	0.01
GSK3B	RCAN1	0.01
GSK3B	SNRNP70	0.01
GSK3B	SREBF1	0.01
GSK3B	YBX3	0.01
GSN	SRC	0.01
GSTA1	KEAP1	0.01
GSTA2	PPARG	0.01
GSTP1	TRAF2	0.01
GTF2I	PRKG1	0.01
GTF2I	USF1	0.01
GTF3C4	H3C3	0.01
GTSE1	PLK1	0.01
GUCA2B	GUCY2C	0.01
GUCA2B	GUCY2D	0.01
GUCY1B1	SRC	0.01
GUCY2C	HNF4A	0.01
H1-2	PRKDC	0.01
H2AX	NBN	0.01
H2AX	TP53BP1	0.01
H2BC11	NAP1L1	0.01
H2BC9	SLBP	0.01
H3C3	KAT2B	0.01
H3C3	KAT6A	0.01
H3C3	KDM1B	0.01
H3C3	KDM4B	0.01
H3C3	KDM6A	0.01
H3C3	KDM6B	0.01
H3C3	KMT2A	0.01
H3C3	NSD1	0.01
H3C3	PRDM2	0.01
H3C3	SETD2	0.01
H3C3	SETDB2	0.01
H3C3	SIRT6	0.01
H4C9	KAT2B	0.01
H4C9	KMT5B	0.01
H4C9	KMT5C	0.01
H4C9	PRMT5	0.01
HAP1	NEUROD1	0.01
HAPLN1	MMP10	0.01
HAPLN1	MMP7	0.01
HAVCR1	SLAMF6	0.01
HAVCR1	TIMD4	0.01
HAVCR2	LGALS9	0.01
HBA1	HP	0.01
HBB	HP	0.01
HCK	PLCG2	0.01
HCN2	SRC	0.01
HCN4	SRC	0.01
HCRT	HCRTR1	0.01
HCRT	NPFFR2	0.01
HDAC10	TRIM28	0.01
HDAC2	NANOS1	0.01
HDAC4	MEF2C	0.01
HDAC6	TUBA4B	0.01
HDAC7	PRKD1	0.01
HDAC8	PRKACA	0.01
HDAC9	MEF2C	0.01
HDC	HRH1	0.01
HDC	HRH2	0.01
HDC	HRH4	0.01
HERPUD1	SH3RF1	0.01
HES1	NOTCH1	0.01
HES5	NOTCH1	0.01
HEY1	STK38	0.01
HEY2	NOTCH1	0.01
HGF	MET	0.01
HGFAC	LRP1	0.01
HHEX	ITGA5	0.01
HHEX	SLC10A1	0.01
HHEX	SLC5A5	0.01
HHIP	IHH	0.01
HIC1	SIRT1	0.01
HIC1	SMARCA4	0.01
HIF1A	NAA10	0.01
HIF3A	PINK1	0.01
HINFP	NPAT	0.01
HIPK2	HMGA1	0.01
HIPK2	MECP2	0.01
HIPK2	SIAH1	0.01
HIPK2	SPAST	0.01
HIPK2	TLE1	0.01
HIPK2	WSB1	0.01
HIPK4	TP53	0.01
HIVEP1	MAPK14	0.01
HK1	SRC	0.01
HLA-A	KIR3DL1	0.01
HLA-A	LILRB1	0.01
HLA-A	LILRB2	0.01
HLA-B	LILRB2	0.01
HLA-C	LILRB2	0.01
HLA-DPA1	LAG3	0.01
HLA-DPB1	LAG3	0.01
HLA-DQA1	LAG3	0.01
HLA-DQA2	LAG3	0.01
HLA-DQB1	LAG3	0.01
HLA-DQB2	LAG3	0.01
HLA-DRB5	LAG3	0.01
HLA-E	KLRD1	0.01
HLA-E	KLRK1	0.01
HLA-F	LILRB1	0.01
HLA-G	KIR2DL4	0.01
HLA-G	KLRD1	0.01
HLA-G	LILRB2	0.01
HMGA1	POU3F1	0.01
HMGA1	PRMT6	0.01
HMGCR	PRKACA	0.01
HMGN1	RPS6KA4	0.01
HMGN1	RPS6KA5	0.01
HMMR	TPX2	0.01
HMOX1	NFE2L2	0.01
HNF1B	SULF1	0.01
HNF4A	NR1I2	0.01
HNF4A	PROZ	0.01
HNF4A	TTR	0.01
HNRNPA1	PRMT1	0.01
HNRNPA1	RPS6KB2	0.01
HNRNPA1	TNPO1	0.01
HOMER1	SHANK1	0.01
HOOK3	MARCO	0.01
HOOK3	MSR1	0.01
HOXA11	KMT2A	0.01
HOXA13	KMT2A	0.01
HOXA4	RARA	0.01
HOXA5	TP53	0.01
HOXA7	RARA	0.01
HOXA9	MEIS1	0.01
HOXA9	PRMT5	0.01
HOXB2	ZBTB16	0.01
HOXB5	RARA	0.01
HOXB7	PRKDC	0.01
HOXB8	PBX1	0.01
HOXB8	PBX3	0.01
HOXC9	MEN1	0.01
HP	ITGAM	0.01
HPCA	NAIP	0.01
HRAS	RAF1	0.01
HRAS	RASA1	0.01
HRAS	RASGEF1A	0.01
HRAS	RIN1	0.01
HRAS	SOS1	0.01
HRAS	TIAM1	0.01
HRH1	PRKCA	0.01
HSBP1	HSF1	0.01
HSF1	HSPA1B	0.01
HSF1	MAPK3	0.01
HSP90AA1	SMYD2	0.01
HSP90B1	TLR2	0.01
HSPA1B	PACRG	0.01
HSPA1L	MAPKAPK2	0.01
HSPA5	SIL1	0.01
HSPA8	STUB1	0.01
HSPB1	MAPKAPK3	0.01
HSPB1	NFKBIA	0.01
HSPB1	PKD1	0.01
HSPB1	RPS6KB2	0.01
HSPB6	PRKACA	0.01
HSPB8	MAPK3	0.01
HTR1B	S100A10	0.01
HTR1E	TPH1	0.01
HTR1F	TPH1	0.01
HTR2A	PON2	0.01
HYAL2	SMAD4	0.01
IAPP	PCSK1	0.01
IAPP	PCSK2	0.01
IAPP	RAMP1	0.01
IBSP	ITGB3	0.01
ICAM1	ITGAL	0.01
ICAM1	ITGB2	0.01
ICAM1	SPN	0.01
ICAM2	ITGB2	0.01
ICAM3	ITGB2	0.01
ICAM5	ITGB2	0.01
ICAM5	PRTG	0.01
ICOS	PIK3R1	0.01
ID1	TCF4	0.01
ID2	TCF3	0.01
ID2	TCF4	0.01
ID3	TCF12	0.01
ID3	TCF3	0.01
IER3	MAPK1	0.01
IFNAR2	IFNE	0.01
IFNAR2	IRF9	0.01
IFNG	IFNGR1	0.01
IFNG	IFNGR2	0.01
IFNG	PSMB8	0.01
IFNGR1	SOCS1	0.01
IFNL2	IFNLR1	0.01
IFNL2	IL10RB	0.01
IFNLR1	JAK1	0.01
IGDCC4	LTF	0.01
IGDCC4	PLB1	0.01
IGF1	IRS1	0.01
IGF1R	IGF2	0.01
IGF1R	PDLIM1	0.01
IGF1R	SLC6A1	0.01
IGF1R	TDO2	0.01
IGF2	IGF2R	0.01
IGFBP1	PRKCA	0.01
IGFBP3	TMEM219	0.01
IGFBP4	LRP6	0.01
IGFL1	IGFLR1	0.01
IGFL2	IGFLR1	0.01
IGFL3	IGFLR1	0.01
IGSF10	MILR1	0.01
IGSF10	SLAMF9	0.01
IGSF21	IYD	0.01
IGSF21	NRXN2	0.01
IGSF5	LNX1	0.01
IGSF9B	NEGR1	0.01
IHH	PTCH2	0.01
IKBKB	KEAP1	0.01
IKBKB	TSC1	0.01
IKBKE	IRF3	0.01
IKBKE	IRF7	0.01
IKBKE	MAVS	0.01
IKBKE	NFKBIA	0.01
IKBKE	RELA	0.01
IKBKE	RIGI	0.01
IKBKE	TANK	0.01
IKBKE	TRAF3	0.01
IKBKG	TNFAIP3	0.01
IKBKG	TNIP1	0.01
IL10RB	IL22	0.01
IL10RB	UCN2	0.01
IL11	IL11RA	0.01
IL11	IL6ST	0.01
IL12A	IL12RB1	0.01
IL12A	REL	0.01
IL12RB1	IL23A	0.01
IL13RA1	IL4	0.01
IL13RA2	IL4	0.01
IL15	IL15RA	0.01
IL15	IL2RG	0.01
IL16	KCND1	0.01
IL16	KCND2	0.01
IL17C	IL17RA	0.01
IL17C	IL17RE	0.01
IL17RD	TNFRSF1B	0.01
IL18	IL18R1	0.01
IL18	IL1RAPL1	0.01
IL18	IL1RL2	0.01
IL18R1	IL37	0.01
IL1R1	IL1RN	0.01
IL1R1	IRAK1	0.01
IL1RAP	TOLLIP	0.01
IL1RAPL1	SIGLEC12	0.01
IL1RL1	IL33	0.01
IL1RL2	IL36A	0.01
IL1RL2	IL36G	0.01
IL1RL2	IL36RN	0.01
IL2	IL2RG	0.01
IL20	IL20RA	0.01
IL20	IL22RA1	0.01
IL20RA	LYPD6	0.01
IL21	IL2RG	0.01
IL22	IL22RA1	0.01
IL22	IL22RA2	0.01
IL2RG	JAK3	0.01
IL31	IL31RA	0.01
IL31	OSMR	0.01
IL37	SIGIRR	0.01
IL4	IL4R	0.01
IL4R	JAK3	0.01
IL4R	SIGLEC8	0.01
IL5RA	JAK2	0.01
IL6	IL6R	0.01
IL6	IL6ST	0.01
IL6R	LRTM2	0.01
IL6ST	JAK1	0.01
IL6ST	OSM	0.01
IL7	IL7R	0.01
IL7R	JAK3	0.01
IL7R	TSLP	0.01
ILK	PARVB	0.01
ILK	PPP1R14C	0.01
ILK	PXN	0.01
ILK	SYNPO2	0.01
INF2	SPOP	0.01
INHA	TGFBR3	0.01
INHBA	TGFBR3	0.01
INHBB	TGFBR3L	0.01
INPP5D	SHC1	0.01
INSL3	RXFP2	0.01
INSL5	RXFP4	0.01
INSR	NAMPT	0.01
IQGAP1	PRKCE	0.01
IQGAP2	PRKACA	0.01
IRAK1	IRAK2	0.01
IRAK1	IRAK3	0.01
IRAK1	IRF7	0.01
IRAK1	MYD88	0.01
IRAK1	PELI1	0.01
IRAK1	PELI2	0.01
IRAK1	PELI3	0.01
IRAK1	TOLLIP	0.01
IRF1	IRF8	0.01
IRF1	ISG20	0.01
IRF1	TBC1D32	0.01
IRF3	ISG15	0.01
IRF5	TRAF6	0.01
IRF8	SPI1	0.01
IRF9	STAT1	0.01
IRF9	STAT2	0.01
IRS1	MET	0.01
IRS1	PIK3CG	0.01
IRS1	PRKCQ	0.01
IRS1	PTPRF	0.01
IRS1	SIK2	0.01
IRS2	JAK3	0.01
IRS4	MTNR1A	0.01
IRX2	MAPK1	0.01
ISCU	MTOR	0.01
IST1	SPAST	0.01
IST1	ULK3	0.01
ITCH	SPART	0.01
ITCH	TP63	0.01
ITCH	TP73	0.01
ITGA1	SEMA7A	0.01
ITGA3_ITGB1	TGFBI	0.01
ITGA3_ITGB1	THBS1	0.01
ITGA6	LAMA5	0.01
ITGA6	LAMC1	0.01
ITGA6	THBS1	0.01
ITGA7	LAMA1	0.01
ITGA7	TNC	0.01
ITGA9	SVEP1	0.01
ITGAM	SPI1	0.01
ITGAM	SPON2	0.01
ITGAV_ITGB3	POSTN	0.01
ITGAV_ITGB3	SPP1	0.01
ITGAV	TGFB1	0.01
ITGB1	ITGB1BP1	0.01
ITGB1	LGALS3BP	0.01
ITGB1	LGALS8	0.01
ITGB1	PCDH10	0.01
ITGB1	PCDH9	0.01
ITGB1	PCDHA3	0.01
ITGB1	PCDHA4	0.01
ITGB1	PCDHA5	0.01
ITGB1	PCDHA6	0.01
ITGB1	PCDHA7	0.01
ITGB1	PCDHAC2	0.01
ITGB3	MFGE8	0.01
ITGB3BP	ITGB5	0.01
ITGB4	LAMB3	0.01
ITGB4	LAMC2	0.01
ITGB4	MET	0.01
ITGB5	LTBP1	0.01
ITGB5	LTBP3	0.01
ITGB5	PAK4	0.01
ITGB6	TGFB1	0.01
ITGB7	MADCAM1	0.01
ITGB8	TGFB1	0.01
ITK	LCK	0.01
ITK	LCP2	0.01
ITK	SIGLEC10	0.01
ITPKA	PRKCA	0.01
ITPKB	PRKACA	0.01
ITPR1	PRKG1	0.01
ITPR2	TRPC1	0.01
ITPR3	TRPC3	0.01
IZUMO1	IZUMO1R	0.01
JAG1	NEURL1	0.01
JAG1	NOTCH4	0.01
JAG2	NOTCH3	0.01
JAK1	JAK3	0.01
JAK1	SNX8	0.01
JAK1	STAT6	0.01
JAK2	LEPR	0.01
JAK2	MPL	0.01
JAK3	PLD2	0.01
JAK3	SOCS1	0.01
JAK3	STAM	0.01
JAK3	STAT5A	0.01
JAKMIP1	TUBB	0.01
JAM2	JAM3	0.01
JAM3	MXRA8	0.01
JPH3	RPS6KA3	0.01
JUN	MAPK10	0.01
JUN	MAPK9	0.01
JUN	SPI1	0.01
JUN	VRK1	0.01
JUND	MAPK8	0.01
JUND	MEN1	0.01
KALRN	MAPKAPK5	0.01
KCNA2	PTK2B	0.01
KCNA3	NTRK2	0.01
KCNA4	LNX1	0.01
KCNA5	PRKAA1	0.01
KCNB1	PTPRE	0.01
KCNB1	SRC	0.01
KCND2	KCNIP4	0.01
KCNE3	KCNQ1	0.01
KCNJ1	SGK1	0.01
KCNJ13	PRKCA	0.01
KCNJ2	PRKACA	0.01
KCNK9	PRKACA	0.01
KCNN2	PRKACA	0.01
KCNN4	NME2	0.01
KCNN4	PHPT1	0.01
KCNQ2	KCNQ3	0.01
KCNQ2	PRKCA	0.01
KCNQ4	SGK1	0.01
KCNQ4	SLC26A5	0.01
KCNQ5	PRKACA	0.01
KDM1A	SCN3A	0.01
KDM5B	PAX9	0.01
KDR	SCUBE2	0.01
KDR	SHC2	0.01
KDR	VEGFA	0.01
KEAP1	NFE2L2	0.01
KHDRBS2	SRC	0.01
KHDRBS3	SIAH1	0.01
KIF11	NEK6	0.01
KIF14	NEK7	0.01
KIF20A	PLK1	0.01
KIF24	NEK2	0.01
KIF2A	PLK1	0.01
KIF2A	TTBK2	0.01
KIF5C	MAPK10	0.01
KIF5C	TRAK2	0.01
KIR2DL5A	PVR	0.01
KIR2DL5A	VSTM2L	0.01
KIR3DL1	TAFA2	0.01
KISS1	KISS1R	0.01
KISS1	MMP14	0.01
KISS1	MMP16	0.01
KISS1	MMP24	0.01
KIT	KITLG	0.01
KIT	MATK	0.01
KIT	PTPN6	0.01
KIT	SOCS6	0.01
KIT	STAT1	0.01
KIZ	PLK1	0.01
KLF10	SIN3A	0.01
KLF11	SIN3A	0.01
KLF13	PRP4K	0.01
KLF15	PPARG	0.01
KLF16	SIN3A	0.01
KLF4	PLK1	0.01
KLF8	MAPK1	0.01
KLF9	SIN3A	0.01
KLHL15	RBBP8	0.01
KLHL2	WNK4	0.01
KLHL3	WNK4	0.01
KLK2	SERPINA3	0.01
KLK2	SERPINA5	0.01
KLKB1	KNG1	0.01
KLRK1	MICB	0.01
KLRK1	RAET1E	0.01
KLRK1	RAET1G	0.01
KLRK1	RAET1L	0.01
KLRK1	ULBP1	0.01
KLRK1	ULBP2	0.01
KLRK1	ULBP3	0.01
KMT2A	TASP1	0.01
KNG1	RXFP4	0.01
KRAS	LZTR1	0.01
KRAS	RAP1GDS1	0.01
KRAS	RASSF5	0.01
KRAS	SHOC2	0.01
KRT14	TRADD	0.01
KRT18	PRKCE	0.01
KRT18	RPS6KA3	0.01
KRT19	SRC	0.01
KSR1	NME1	0.01
KSR1	RAF1	0.01
KSR2	RAF1	0.01
KTN1	RHOA	0.01
L1CAM	NCAN	0.01
LAD1	MAPK14	0.01
LAG3	LGALS3	0.01
LAIR1	LILRB4	0.01
LAMA1	RPSA	0.01
LAMA2	RPSA	0.01
LASP1	PRKAR2B	0.01
LASP1	PRKG2	0.01
LAT2	SYK	0.01
LATS2	MOB1B	0.01
LATS2	SNAI1	0.01
LATS2	WWTR1	0.01
LAX1	SYK	0.01
LCK	LIME1	0.01
LCK	SIT1	0.01
LCK	TRAT1	0.01
LCMT1	PPP2CA	0.01
LCN1	LMBR1L	0.01
LCN2	LRP2	0.01
LCP2	SYK	0.01
LCP2	ZAP70	0.01
LDB1	RLIM	0.01
LDLR	LRPAP1	0.01
LDLR	PCSK9	0.01
LDLR	PF4	0.01
LEPR	SOCS3	0.01
LGALS1	PTPRC	0.01
LGALS8	PDPN	0.01
LGALS9	MRC2	0.01
LGALS9	SLC1A5	0.01
LGMN	SRPK2	0.01
LGR6	RSPO1	0.01
LGR6	RSPO2	0.01
LGR6	RSPO3	0.01
LGR6	RSPO4	0.01
LHB	LHCGR	0.01
LHX2	MSX1	0.01
LHX4	POU1F1	0.01
LIF	LIFR	0.01
LIFR	OSM	0.01
LIMK1	PAK1	0.01
LIMK1	ROCK2	0.01
LIMK2	ROCK1	0.01
LIN7A	SLC6A12	0.01
LINGO1	OMG	0.01
LIPC	LRP1	0.01
LIPE	PRKACA	0.01
LIPH	LPAR1	0.01
LLGL1	PRKCI	0.01
LLGL2	PRKCI	0.01
LMBR1L	SCGB1A1	0.01
LMNA	PRKCA	0.01
LMNB1	PRKCB	0.01
LMO3	NHLH2	0.01
LNX1	NUMB	0.01
LPA	LRP2	0.01
LPCAT2	MAPKAPK2	0.01
LPL	VLDLR	0.01
LRFN4	PTPRF	0.01
LRFN5	PTPRD	0.01
LRFN5	PTPRF	0.01
LRIT2	PTPRD	0.01
LRP1	LRPAP1	0.01
LRP1	PLAT	0.01
LRP1	SERPINA1	0.01
LRP1	SERPINE2	0.01
LRP1	TNFAIP6	0.01
LRP11	LTF	0.01
LRP1B	PLAUR	0.01
LRP2	LRPAP1	0.01
LRP2	PLAU	0.01
LRP2	SCGB1A1	0.01
LRP2	SERPINE1	0.01
LRP2	SHH	0.01
LRP2	TCN2	0.01
LRP2	TG	0.01
LRP4	SOST	0.01
LRP5	SOST	0.01
LRP5	WNT16	0.01
LRP6	SOST	0.01
LRP6	SOSTDC1	0.01
LRP6	WNT1	0.01
LRP6	WNT10A	0.01
LRP6	WNT3A	0.01
LRP6	WNT8B	0.01
LRP6	WNT9A	0.01
LRP6	WNT9B	0.01
LRP8	LRPAP1	0.01
LRPAP1	SORL1	0.01
LRPAP1	SORT1	0.01
LRRC4	NTNG2	0.01
LRRC4C	NTNG1	0.01
LRRK2	MSN	0.01
LRRK2	RAB10	0.01
LRRK2	RAB29	0.01
LRRK2	RPS15	0.01
LRRK2	SH3GL2	0.01
LRRK2	SNAPIN	0.01
LRRK2	SQSTM1	0.01
LRRN3	NTM	0.01
LRRTM1	NRXN1	0.01
LRRTM2	NRXN1	0.01
LSP1	MAPKAPK2	0.01
LTBP1	TGFB1	0.01
LTBR	TRAF2	0.01
LUM	MMP14	0.01
LY9	TNFRSF17	0.01
LY96	SPI1	0.01
LYN	NMT1	0.01
LYN	RGS16	0.01
MAB21L1	PAX6	0.01
MACROH2A1	SPOP	0.01
MAF1	MTOR	0.01
MAFA	MAPK1	0.01
MAFB	PRRX1	0.01
MAFG	NFE2L2	0.01
MAGED1	ROR2	0.01
MAGEL2	TRIM27	0.01
MAGI1	RPS6KA1	0.01
MAGI2	RAPGEF2	0.01
MAGI3	PTEN	0.01
MAML3	NOTCH4	0.01
MAP1LC3A	NBR1	0.01
MAP1LC3A	SQSTM1	0.01
MAP1LC3C	NBR1	0.01
MAP2	MARK1	0.01
MAP2K1	MAP3K8	0.01
MAP2K1	MYRF	0.01
MAP2K2	MAP3K8	0.01
MAP2K2	MAPK3	0.01
MAP2K2	ZHX2	0.01
MAP2K3	MAPK12	0.01
MAP2K3	TAOK2	0.01
MAP2K6	MAP3K4	0.01
MAP2K6	MAP3K5	0.01
MAP2K6	MAP3K7	0.01
MAP2K6	MAPK11	0.01
MAP2K6	MAPK12	0.01
MAP2K6	MAPK13	0.01
MAP2K6	STAT4	0.01
MAP2K7	MAP3K2	0.01
MAP2K7	MAP3K5	0.01
MAP2K7	MAPK8IP1	0.01
MAP2K7	MAPK8IP2	0.01
MAP3K11	PIN1	0.01
MAP3K12	MAPK8IP1	0.01
MAP3K12	MBIP	0.01
MAP3K12	SH3RF1	0.01
MAP3K5	MAP3K6	0.01
MAP3K5	PPM1L	0.01
MAP3K5	PPP5C	0.01
MAP3K5	TNNT2	0.01
MAP3K5	TXN	0.01
MAP3K5	ZNF622	0.01
MAP3K7	MAP4K4	0.01
MAP3K7	PPP6C	0.01
MAP3K7	RASSF9	0.01
MAP3K7	TAB3	0.01
MAP3K7	TNFAIP8L2	0.01
MAP3K8	NFKB1	0.01
MAP4	MARK1	0.01
MAP4K3	PRKCQ	0.01
MAPK1	NCF2	0.01
MAPK1	PDE4C	0.01
MAPK1	PGR	0.01
MAPK1	PLA2G4A	0.01
MAPK1	RASGRP2	0.01
MAPK1	RCAN1	0.01
MAPK1	SCNN1B	0.01
MAPK1	SHC4	0.01
MAPK1	SPHK2	0.01
MAPK1	TAGLN2	0.01
MAPK1	TNKS1BP1	0.01
MAPK1	TOB1	0.01
MAPK1	TXNIP	0.01
MAPK11	RPS6KA5	0.01
MAPK12	MAPT	0.01
MAPK12	NOL4L	0.01
MAPK12	SH3BP5	0.01
MAPK12	SNTA1	0.01
MAPK12	UBXN1	0.01
MAPK13	STMN1	0.01
MAPK14	MAX	0.01
MAPK14	MEF2C	0.01
MAPK14	MKNK1	0.01
MAPK14	NCOA3	0.01
MAPK14	PDLIM4	0.01
MAPK14	PPARGC1A	0.01
MAPK14	RPS6KA5	0.01
MAPK14	SIPA1	0.01
MAPK14	SNX27	0.01
MAPK14	ZNHIT1	0.01
MAPK3	MCRIP1	0.01
MAPK3	MTMR2	0.01
MAPK3	RUNX2	0.01
MAPK3	SPHK1	0.01
MAPK3	SULT4A1	0.01
MAPK3	TAL1	0.01
MAPK3	TRPV3	0.01
MAPK4	MAPKAPK5	0.01
MAPK7	MEF2C	0.01
MAPK7	PTPRR	0.01
MAPK7	SGK1	0.01
MAPK8	PPM1J	0.01
MAPK8	RBM17	0.01
MAPK8	S100A11	0.01
MAPK8	SYT4	0.01
MAPK8	WDR62	0.01
MAPK8IP3	MAPK9	0.01
MAPKAP1	RPS6KB1	0.01
MAPKAPK2	PARN	0.01
MAPKAPK2	SRF	0.01
MAPKAPK2	TRIM29	0.01
MAPKAPK2	ZFP36	0.01
MAPKAPK3	RCSD1	0.01
MAPKAPK5	PLA2G4A	0.01
MAPKAPK5	SEPTIN8	0.01
MAPT	PHKG2	0.01
MAPT	TTBK1	0.01
MARCO	SCGB3A1	0.01
MARCO	SCGB3A2	0.01
MARK1	STK11	0.01
MARK2	RAB11FIP2	0.01
MARK2	STK11	0.01
MARK4	STK11	0.01
MASP1	MBL2	0.01
MASP2	MBL2	0.01
MAST1	PTEN	0.01
MAST2	SLC9A3	0.01
MAST3	PTEN	0.01
MAVS	NLRX1	0.01
MAX	MGA	0.01
MAX	MNT	0.01
MAX	MXD3	0.01
MAX	MXD4	0.01
MAX	MXI1	0.01
MAX	SPAG9	0.01
MC1R	POMC	0.01
MC2R	MRAP2	0.01
MC2R	POMC	0.01
MC4R	NPY	0.01
MC4R	POMC	0.01
MC5R	POMC	0.01
MCAM	TMEM132A	0.01
MCAM	WNT5A	0.01
MCM10	POLA1	0.01
MCOLN1	MCOLN3	0.01
MCOLN1	PRKACA	0.01
MCU	PRKAA1	0.01
MDC1	NBN	0.01
MDFI	TRPC1	0.01
MDGA1	NLGN2	0.01
MDK	SDC4	0.01
MDK	TSPAN1	0.01
MDM2	POLQ	0.01
MDM2	RPL26	0.01
MDM2	USP7	0.01
ME1	NEK1	0.01
MEIS2	PAX6	0.01
MELTF	PLG	0.01
MEOX2	PAX1	0.01
MEOX2	PAX3	0.01
MEP1B	PRKCD	0.01
MERTK	ZP3	0.01
MET	MST1R	0.01
MET	PLXNB1	0.01
MET	PRKCE	0.01
MET	PTPRJ	0.01
MET	SPSB1	0.01
MFAP2	NOTCH1	0.01
MFAP3L	MPZL2	0.01
MFAP3L	MXRA5	0.01
MFAP5	NOTCH1	0.01
MGST1	SP1	0.01
MID1IP1	THRSP	0.01
MIIP	PRKCE	0.01
MITF	SOX10	0.01
MITF	UBE2I	0.01
MKNK1	PLA2G4A	0.01
MKNK1	PNPLA8	0.01
MLKL	RIPK3	0.01
MLLT11	TCF7	0.01
MLLT3	SGK1	0.01
MLST8	MTOR	0.01
MLST8	RPTOR	0.01
MLXIPL	PRKAA1_PRKAA2_PRKAB1_PRKAB2_PRKAG1_PRKAG2_PRKAG3	0.01
MMP11	SERPINA1	0.01
MMP12	PLAUR	0.01
MMP14	PTK7	0.01
MMP14	SRC	0.01
MMP9	RECK	0.01
MMP9	TIMP1	0.01
MOB1A	STK3	0.01
MOB1A	STK4	0.01
MOCOS	RPS6KA3	0.01
MOV10	UPF1	0.01
MPO	RARA	0.01
MPRIP	RIPK1	0.01
MPZL2	MPZL3	0.01
MRC1	PTPRC	0.01
MRGPRX2	TAC1	0.01
MRTFA	SRF	0.01
MRTFB	SRF	0.01
MSC	TCF3	0.01
MSL2	TP53	0.01
MSN	PRKCQ	0.01
MSN	ROCK2	0.01
MSR1	SPI1	0.01
MST1	MST1R	0.01
MSX1	TBP	0.01
MSX2	SPEN	0.01
MTA1	PITX3	0.01
MTA2	TP53	0.01
MTAP	NFYA_NFYB_NFYC	0.01
MTMR2	SBF1	0.01
MTMR4	SMAD3	0.01
MTNR1A	NPW	0.01
MTOR	SGK1	0.01
MUC1	SIGLEC9	0.01
MUC1	ZAP70	0.01
MUC6	TFF2	0.01
MUS81	RAD54L	0.01
MUSK	WNT11	0.01
MXRA5	PILRA	0.01
MXRA5	SIGLEC8	0.01
MYBPC3	PDE4DIP	0.01
MYBPC3	PRKACA	0.01
MYC	RIOX2	0.01
MYC	RLIM	0.01
MYD88	TLR2	0.01
MYD88	TLR8	0.01
MYH3	TNFSF12	0.01
MYH9	S100A4	0.01
MYH9	TRPM7	0.01
MYL12A	MYLK	0.01
MYL12B	MYLK	0.01
MYL9	MYLK	0.01
MYO15A	WHRN	0.01
MYO1E	SYNJ1	0.01
MYO3A	PRKCB	0.01
MYO9A	RHOA	0.01
MYO9B	RHOA	0.01
MYOC	SFRP5	0.01
MYOM2	PRKACA	0.01
MZF1	PAK4	0.01
MZF1	SCAND1	0.01
NALCN	UNC80	0.01
NANOG	PRKCE	0.01
NCAM1	ROBO1	0.01
NCAM1	ROBO3	0.01
NCAM1	SIGLEC11	0.01
NCAM1	ST8SIA4	0.01
NCF1	NOX4	0.01
NCF4	PRKCA	0.01
NCK1	SOS1	0.01
NCK2	PAK1	0.01
NCK2	PDGFRB	0.01
NCKIPSD	SRC	0.01
NCOA1	PTMS	0.01
NCOA3	PFKFB4	0.01
NCOR2	SNW1	0.01
NCR3	NCR3LG1	0.01
NDC80	NEK2	0.01
NDEL1	PAFAH1B1	0.01
NDEL1	YWHAE	0.01
NDFIP2	NEDD4	0.01
NDRG1	SGK1	0.01
NDRG2	SGK1	0.01
NECTIN1	NECTIN3	0.01
NECTIN1	NECTIN4	0.01
NECTIN2	NECTIN3	0.01
NECTIN2	PVRIG	0.01
NECTIN3	PVR	0.01
NEDD4	POLR2L	0.01
NEDD4	PSMD4	0.01
NEDD4	SCNN1G	0.01
NEDD4L	SGK1	0.01
NEDD4L	TTYH2	0.01
NEGR1	NTM	0.01
NEGR1	OPCML	0.01
NEK1	VDAC1	0.01
NEK10	TP53	0.01
NEK11	NEK2	0.01
NEK2	PPP1CC	0.01
NEK2	SGO1	0.01
NEK2	TP53	0.01
NEK6	NEK9	0.01
NEK7	NEK9	0.01
NELL2	ROBO3	0.01
NEO1	NTN1	0.01
NEO1	NTN3	0.01
NEO1	RGMB	0.01
NEURL1	PDE9A	0.01
NEUROD1	ZFHX3	0.01
NFASC	NRCAM	0.01
NFAT5	SLC6A12	0.01
NFATC2	PPP3R1	0.01
NFATC4	RPS6KA2	0.01
NFE2L2	TXNRD1	0.01
NFIL3	STAT6	0.01
NFKB1	NFKBIE	0.01
NFKB2	NKRF	0.01
NFKB2	RELB	0.01
NFKB2	TSC22D3	0.01
NFKBIA	NOD2	0.01
NFKBIA	PTPN13	0.01
NFKBIA	UBE2D2	0.01
NFX1	PABPC1	0.01
NFX1	PABPC4	0.01
NFYA_NFYB_NFYC	TOP2A	0.01
NGF	SORCS2	0.01
NGF	SORCS3	0.01
NGF	SORT1	0.01
NGFR	NTF4	0.01
NGFR	PRKACB	0.01
NGLY1	RAD23B	0.01
NGLY1	VCP	0.01
NHEJ1	PRKDC	0.01
NHERF1	SLC26A3	0.01
NHERF1	TBC1D10A	0.01
NHLH2	SIRT1	0.01
NHS	TJP1	0.01
NID1	PTPRF	0.01
NINL	PLK1	0.01
NKD2	TGFA	0.01
NKRF	REL	0.01
NKX2-1	WWTR1	0.01
NLGN1	NRXN1	0.01
NLGN2	NRXN1	0.01
NLGN2	NRXN2	0.01
NLGN2	NRXN3	0.01
NLGN3	NRXN1	0.01
NMB	NMBR	0.01
NME1	SET	0.01
NMU	NMUR1	0.01
NMU	NMUR2	0.01
NOD1	RIPK2	0.01
NOD2	RIPK2	0.01
NOLC1	PRKACA	0.01
NONO	TOP1	0.01
NOS2	SRC	0.01
NOS3	PRKAA1	0.01
NOTCH1	POFUT1	0.01
NOTCH1	SNW1	0.01
NOTCH4	PSEN1	0.01
NOX1	NOXA1	0.01
NOX5	PRKCA	0.01
NOXA1	SRC	0.01
NPBWR1	NPW	0.01
NPDC1	PILRA	0.01
NPFFR1	NPVF	0.01
NPFFR1	QRFP	0.01
NPFFR2	NPVF	0.01
NPFFR2	NPY	0.01
NPLOC4	UFD1	0.01
NPPB	NPR1	0.01
NPPB	NPR3	0.01
NPPC	NPR2	0.01
NPPC	NPR3	0.01
NPR1	PRKACA	0.01
NPR3	OSTN	0.01
NPTX1	NPTXR	0.01
NPTX2	NPTXR	0.01
NPY	NPY4R	0.01
NPY	NPY5R	0.01
NPY4R	PPY	0.01
NPY4R	PYY	0.01
NR1D1	NR2E3	0.01
NR1D1	PER2	0.01
NR1H2	RXRA	0.01
NR1H3	PPARA	0.01
NR1I2	RXRA	0.01
NR1I3	RXRA	0.01
NR2F2	NR2F6	0.01
NR2F2	NR3C1	0.01
NR3C1	NR3C2	0.01
NR4A2	RXRA	0.01
NR4A3	RPS6KA1	0.01
NRAS	RASA4	0.01
NRAS	SOS1	0.01
NRBF2	PIK3R4	0.01
NRGN	PRKCG	0.01
NRIP1	PPARA	0.01
NRIP1	RARA	0.01
NRP1	SEMA3D	0.01
NRP1	VEGFA	0.01
NRP2	PGF	0.01
NRP2	SEMA3F	0.01
NRP2	SEMA4F	0.01
NRP2	VEGFA	0.01
NRP2	VEGFD	0.01
NRTN	RET	0.01
NRXN1	RPH3A	0.01
NRXN1	SYTL3	0.01
NTF3	NTRK2	0.01
NTF3	NTRK3	0.01
NTF4	NTRK2	0.01
NTN1	UNC5A	0.01
NTN1	UNC5D	0.01
NTRK2	PLCG1	0.01
NTS	SORT1	0.01
NUAK2	PPP1R12A	0.01
NUAK2	WDR45	0.01
NUDT1	SKP2	0.01
NUP153	TNPO1	0.01
OCRL	RAB5A	0.01
OGT	TET3	0.01
OLFM2	ROBO2	0.01
OMG	RTN4R	0.01
OMG	TNFRSF1B	0.01
ONECUT2	TBX21	0.01
OPRK1	POMC	0.01
OPRL1	PNOC	0.01
OPRM1	WLS	0.01
OPTN	PLK1	0.01
OPTN	TBK1	0.01
ORAI1	PRKCB	0.01
OSM	OSMR	0.01
OSTF1	RPS6KA1	0.01
OTUB1	UBE2N	0.01
OTUD5	TRAF3	0.01
OXSR1	SLC12A1	0.01
OXSR1	SLC12A2	0.01
OXSR1	WNK4	0.01
P4HA2	TP53	0.01
PACSIN1	PAK6	0.01
PAH	RPS6KA3	0.01
PAIP2	UBR5	0.01
PAK1	PPM1E	0.01
PAK1	RAC2	0.01
PAK1	RAC3	0.01
PAK1	RHOU	0.01
PAK1	RUNX3	0.01
PAK1	TBCB	0.01
PAK3	SYN1	0.01
PAK3	TNNI3	0.01
PALB2	RAD51	0.01
PAM	PRKCA	0.01
PAM	UHMK1	0.01
PANX2	STK38	0.01
PARD6A	TGFBR2	0.01
PARP1	TOP1	0.01
PARP1	XRCC1	0.01
PARP10	PLK1	0.01
PAX5	PDCD1	0.01
PAX5	TLE4	0.01
PAX6	SFRP2	0.01
PAX8	TG	0.01
PAX8	TPO	0.01
PAXIP1	TP53BP1	0.01
PBX1	PKNOX1	0.01
PBX1	ZBTB16	0.01
PC	PDK4	0.01
PCBP4	TP53	0.01
PCLO	SGK1	0.01
PCNA	POLD4	0.01
PCNA	POLH	0.01
PCNA	POLI	0.01
PCNA	RFC1	0.01
PCNA	UBE2N	0.01
PCSK1	REN	0.01
PCSK6	VWF	0.01
PDCD10	PTPN13	0.01
PDCD10	STK25	0.01
PDCD5	PPEF1	0.01
PDE11A	PRKACA	0.01
PDE3A	PRKCA	0.01
PDE3B	PRKACA	0.01
PDE4B	PRKACA	0.01
PDE4D	PRKACA	0.01
PDE5A	PRKG1	0.01
PDE6A	PDE6G	0.01
PDGFA	PDGFRA	0.01
PDGFB	PDGFRA	0.01
PDGFB	PDGFRB	0.01
PDGFC	PDGFRA	0.01
PDGFRA	PLCG1	0.01
PDGFRA	PSG5	0.01
PDGFRA	SHC1	0.01
PDGFRA	SRC	0.01
PDHA1	PDK4	0.01
PDHA1	PDPK1	0.01
PDIA3	TAPBP	0.01
PDK1	PGK1	0.01
PDK1	PKN2	0.01
PDPK1	PKN1	0.01
PDPK1	PKN2	0.01
PDPK1	SGK3	0.01
PDPK1	TSSK3	0.01
PDPK2P	SGK1	0.01
PEAR1	SVEP1	0.01
PEBP1	PRKCA	0.01
PEBP1	PRKCB	0.01
PEBP1	PRKCG	0.01
PEBP1	PRKCZ	0.01
PELP1	SRC	0.01
PERP	TP53	0.01
PF4	THBD	0.01
PFKFB2	PRKAA1	0.01
PFKFB2	PRKAA2	0.01
PFKFB2	PRKACA	0.01
PFKFB3	PRKAA2	0.01
PFN1	ROCK1	0.01
PHKA1	PHKG2	0.01
PHKA1	PYGB	0.01
PHKG2	PYGM	0.01
PHYHIP	STAT3	0.01
PI16	TNFRSF21	0.01
PI3	PLD2	0.01
PIANP	PILRA	0.01
PIAS1	SATB2	0.01
PIAS1	STAT1	0.01
PIAS2	STAT4	0.01
PIAS3	STAT3	0.01
PIAS4	TCF4	0.01
PICK1	SLC6A3	0.01
PIK3C2B	TRIM27	0.01
PIK3C2G	PIK3CG	0.01
PIK3C3	PIK3R4	0.01
PIK3C3	UVRAG	0.01
PILRA	SIGLEC6	0.01
PIMREG	UHMK1	0.01
PIN1	TP53	0.01
PINK1	UBC	0.01
PINK1	ZNF746	0.01
PIP5K1C	SRC	0.01
PITPNC1	PRKCA	0.01
PKD1	PRKD1	0.01
PKD1	PRKX	0.01
PKD2	TRPC1	0.01
PKD2	TRPV4	0.01
PKD2L1	PRKACA	0.01
PKIA	PRKACA	0.01
PKMYT1	PLK1	0.01
PKP3	SRC	0.01
PLA2G10	PLA2R1	0.01
PLA2G1B	PLA2R1	0.01
PLAAT4	RARA	0.01
PLAU	PLAUR	0.01
PLAU	ST14	0.01
PLAUR	SRPX2	0.01
PLAUR	VTN	0.01
PLCB3	PRKG2	0.01
PLCG1	TYRO3	0.01
PLCL1	PRKACA	0.01
PLEKHG2	SRC	0.01
PLEKHG5	RHOA	0.01
PLG	PLGRKT	0.01
PLIN1	PRKACA	0.01
PLK1	RAD21	0.01
PLK1	STAG2	0.01
PLK1	TOP2A	0.01
PLK1	TPT1	0.01
PLK1	TRIOBP	0.01
PLK1	WDCP	0.01
PLK2	SNCA	0.01
PLK2	WEE1	0.01
PLN	PRKACA	0.01
PLP1	SOX10	0.01
PLPPR1	RASGEF1A	0.01
PLPPR1	RASGEF1B	0.01
PLSCR4	SLPI	0.01
PLXDC1	SERPINF1	0.01
PLXNA1	SEMA3A	0.01
PLXNA1	SEMA5B	0.01
PLXNA1	SEMA6C	0.01
PLXNA1	SEMA6D	0.01
PLXNA2	SEMA6A	0.01
PLXNA2	SEMA6B	0.01
PLXNA3	SEMA3F	0.01
PLXNA4	SEMA3A	0.01
PLXNA4	SEMA6A	0.01
PLXNB1	SEMA4B	0.01
PLXNB1	SEMA4D	0.01
PLXNB2	SEMA4A	0.01
PLXNB2	SEMA4C	0.01
PLXNB2	SEMA4D	0.01
PLXNB2	SEMA4G	0.01
PLXNB3	SEMA4A	0.01
PLXNB3	SEMA5A	0.01
PLXNC1	SEMA7A	0.01
PLXND1	SEMA3E	0.01
PLXND1	SEMA4A	0.01
PMS2	TP73	0.01
PNKP	XRCC1	0.01
POLH	REV1	0.01
POLR2A	RPAP2	0.01
PORCN	WNT3A	0.01
POU2AF1	POU2F1	0.01
POU2F1	PRKDC	0.01
POU3F2	POU3F4	0.01
POU5F1_SOX2	UTF1	0.01
PPARG	PRDM16	0.01
PPARG	TBXAS1	0.01
PPARG	UBE2I	0.01
PPFIA1	PTPRF	0.01
PPP1CA	PPP1R16B	0.01
PPP1CA	PPP1R1C	0.01
PPP1CA	PPP1R2	0.01
PPP1CC	SERPINB2	0.01
PPP1R12A	ROCK2	0.01
PPP1R12B	ROCK1	0.01
PPP1R13B	TP53	0.01
PPP1R14B	PRKCD	0.01
PPP1R14D	PRKCA	0.01
PPP1R1A	PRKCA	0.01
PPP1R1B	PRKACA	0.01
PPP1R9B	PRKACA	0.01
PPP2CA	PPP2R1A	0.01
PPP2CA	PPP2R1B	0.01
PPP2CA	STRN	0.01
PPP2CB	PPP2R1A	0.01
PPP2CB	STRN4	0.01
PPP2R2B	TGFBR2	0.01
PPP2R3B	UNC5B	0.01
PPP2R5D	PRKACA	0.01
PRDM1	RASD2	0.01
PRDM1	SPIB	0.01
PRDX1	STK4	0.01
PREX1	RAC1	0.01
PREX2	RAC1	0.01
PRG4	TLR2	0.01
PRICKLE1	SMURF2	0.01
PRKAA1	PRKAB1	0.01
PRKAA1	SIRT7	0.01
PRKAA1	STBD1	0.01
PRKAA1	TBC1D1	0.01
PRKAA1	ZNF692	0.01
PRKAA2	PRKAG1	0.01
PRKAA2	REEP2	0.01
PRKAA2	STK11	0.01
PRKACA	PRKAR1B	0.01
PRKACA	RASGRF1	0.01
PRKACA	RGS13	0.01
PRKACA	RGS14	0.01
PRKACA	RRAD	0.01
PRKACA	SEC14L2	0.01
PRKACA	SLC26A4	0.01
PRKACA	STAR	0.01
PRKACA	STMN2	0.01
PRKACA	SYN2	0.01
PRKACA	THOP1	0.01
PRKACA	TPH1	0.01
PRKACA	TPH2	0.01
PRKACA	TRPM8	0.01
PRKACA	VASP	0.01
PRKCA	RAB37	0.01
PRKCA	RGS19	0.01
PRKCA	RHO	0.01
PRKCA	RORA	0.01
PRKCA	RPL10	0.01
PRKCA	SNAP25	0.01
PRKCA	SPAG1	0.01
PRKCA	TACSTD2	0.01
PRKCA	TAGLN	0.01
PRKCA	TBXA2R	0.01
PRKCA	TFRC	0.01
PRKCA	THOC5	0.01
PRKCA	TNNT3	0.01
PRKCA	TOP2A	0.01
PRKCA	TRPM2	0.01
PRKCB	RAB11A	0.01
PRKCB	SYT6	0.01
PRKCB	TYR	0.01
PRKCE	SLC4A3	0.01
PRKCE	TRPV1	0.01
PRKCE	XIAP	0.01
PRKCH	PRKD1	0.01
PRKCH	PRKD2	0.01
PRKCI	SRC	0.01
PRKCQ	STK39	0.01
PRKD1	RABEP1	0.01
PRKD1	RTKN	0.01
PRKD1	SNAI1	0.01
PRKD1	VASP	0.01
PRKDC	RAG2	0.01
PRKDC	SRF	0.01
PRKG1	PTS	0.01
PRKG1	RAP1GAP2	0.01
PRKG1	RGS2	0.01
PRKG1	RYR1	0.01
PRKG1	SEPTIN3	0.01
PRKG1	SLC6A4	0.01
PRKG1	TRPC7	0.01
PRKG1	VASP	0.01
PRKN	PSMD4	0.01
PRKN	SYT11	0.01
PRKN	UBA52	0.01
PRKN	UBC	0.01
PRMT5	SNRPB	0.01
PRND	RPSA	0.01
PROC	PROCR	0.01
PROC	THBD	0.01
PROK1	PROKR2	0.01
PROK2	PROKR1	0.01
PROK2	PROKR2	0.01
PROM1	SRC	0.01
PROS1	TYRO3	0.01
PRRX1	SRF	0.01
PRSS21	RAD21	0.01
PRSS23	TMEM222	0.01
PSEN1	PSENEN	0.01
PSG4	TNFSF8	0.01
PSMA5	XBP1	0.01
PSMD4	TRIM63	0.01
PSMD4	UBE3A	0.01
PTCH1	SMO	0.01
PTCH2	SHH	0.01
PTCRA	ZAP70	0.01
PTEN	STK11	0.01
PTGDR2	PTGS2	0.01
PTGER1	PTGES2	0.01
PTGER2	PTGES2	0.01
PTGIR	PTGIS	0.01
PTH1R	PTHLH	0.01
PTK2	PXN	0.01
PTK2B	PXN	0.01
PTK2B	SNCA	0.01
PTK2B	TGFB1I1	0.01
PTK6	PXN	0.01
PTK6	STAP2	0.01
PTN	PTPRS	0.01
PTN	SDC1	0.01
PTN	SDC3	0.01
PTP4A3	SRC	0.01
PTPN1	TRPV6	0.01
PTPN12	PXN	0.01
PTPN13	TRIP6	0.01
PTPN18	TEC	0.01
PTPN21	SRC	0.01
PTPN3	VCP	0.01
PTPN6	ROS1	0.01
PTPRD	SLITRK1	0.01
PTPRD	SLITRK2	0.01
PTPRD	SLITRK3	0.01
PTPRO	PXN	0.01
PTPRS	SLITRK4	0.01
PTPRS	SLITRK5	0.01
PTPRT	STAT3	0.01
PTTG1IP	SRC	0.01
PURG	RPS6KA1	0.01
QRFP	QRFPR	0.01
RAB11A	RABGGTB	0.01
RAB23	SUFU	0.01
RAB34	SRC	0.01
RAB3A	RPH3A	0.01
RAB5A	RABEP1	0.01
RAB5A	RABGGTA	0.01
RAC1	SH3BP1	0.01
RAC1	SRGAP2	0.01
RAC1	SYDE2	0.01
RAC1	TIAM2	0.01
RACK1	SRC	0.01
RAD21	WAPL	0.01
RAD23A	UBE3A	0.01
RAD51	RAD51AP1	0.01
RAD51	UCHL3	0.01
RAD51	XRCC3	0.01
RAF1	RRAS	0.01
RAF1	YWHAH	0.01
RAI1	RARA	0.01
RALA	RALBP1	0.01
RALB	RALBP1	0.01
RALGDS	RAP1A	0.01
RALGDS	RAP2A	0.01
RANBP2	RANGAP1	0.01
RANBP3	SMAD3	0.01
RANGAP1	UBE2I	0.01
RAP1A	RAP1GDS1	0.01
RAP1A	RAPGEF3	0.01
RAP1A	RAPGEF4	0.01
RAP1A	RAPGEF5	0.01
RAP1GDS1	RHOA	0.01
RAP1GDS1	RHOC	0.01
RARA	RARG	0.01
RARA	RXRG	0.01
RARB	RXRG	0.01
RASSF6	STK3	0.01
RBM24	STK38	0.01
RBP4	STRA6	0.01
RBP4	TLR4	0.01
RBPJ	RITA1	0.01
RBPJ	SNW1	0.01
RBPJ	SPEN	0.01
RBX1	UBE2M	0.01
RCC1	STK3	0.01
RDX	ROCK1	0.01
RDX	ROCK2	0.01
RELA	TLE5	0.01
RELN	VLDLR	0.01
RETN	TLR4	0.01
REV1	REV3L	0.01
RHOA	STARD13	0.01
RICTOR	RPS6KB1	0.01
RIMBP2	RIMS2	0.01
RIMBP3C	RIMS3	0.01
RIMS1	SLC17A7	0.01
RIMS1	SLC18A3	0.01
RIMS1	YWHAH	0.01
RIMS2	TSPOAP1	0.01
RIPK1	RIPK3	0.01
RIPK1	TNFAIP3	0.01
RIPK1	TNFRSF1A	0.01
RLN2	RXFP1	0.01
RLN2	RXFP2	0.01
RLN3	RXFP1	0.01
RLN3	RXFP4	0.01
RMI2	TTK	0.01
RNASE2	TLR2	0.01
ROBO1	SLIT1	0.01
ROBO1	SLIT3	0.01
ROBO2	SLIT3	0.01
ROCK1	SOX9	0.01
ROR1	WNT5A	0.01
ROR2	WNT5A	0.01
RPS27L	TP53	0.01
RPS6	RPS6KB1	0.01
RPS6KA1	SRF	0.01
RPS6KA3	SASH1	0.01
RPS6KA3	VGLL1	0.01
RPS6KA5	STAT1	0.01
RPS6KA5	TH	0.01
RPS6KB1	TARBP2	0.01
RPS6KB1	TRIB2	0.01
RPS6KB1	URI1	0.01
RPTOR	RRAGC	0.01
RPTOR	RRAGD	0.01
RRM1	RRM2B	0.01
RRM2B	TP53	0.01
RSPO3	SDC4	0.01
RTKN	TAX1BP3	0.01
RTN2	RTN4R	0.01
RTN4	RTN4R	0.01
RTN4	TNFRSF19	0.01
RXRG	THRB	0.01
RXRG	VDR	0.01
RYR1	S100A1	0.01
S100A1	TRPM3	0.01
S100A10	TRPV6	0.01
S100A2	STUB1	0.01
S100A8	TLR4	0.01
S100A9	TLR4	0.01
S1PR2	TAFA5	0.01
SARM1	TICAM1	0.01
SCARA5	VWF	0.01
SCARB2	THBS1	0.01
SCD	TP53	0.01
SCN3B	TP53	0.01
SCN5A	SNTG2	0.01
SCRIB	UBE3A	0.01
SCTR	VIP	0.01
SDC1	SLIT1	0.01
SDC2	TGFB1	0.01
SDC2	TNFSF13	0.01
SDCBP	SRC	0.01
SDK1	YWHAZ	0.01
SEC23A	ULK1	0.01
SEC23B	ULK1	0.01
SEC62	SEC63	0.01
SECTM1	TNFRSF18	0.01
SELE	SELPLG	0.01
SELP	SELPLG	0.01
SELP	VCAN	0.01
SEMA6D	TREM2	0.01
SENP3	SUMO2	0.01
SEPTIN4	XIAP	0.01
SERPINB5	TP53	0.01
SET	SETBP1	0.01
SFN	TP53	0.01
SFRP2	WNT4	0.01
SFTPA1	TLR2	0.01
SGK1	SLC1A3	0.01
SGK1	SLC2A4	0.01
SGK1	SLC9A3	0.01
SGK1	TNNI2	0.01
SGK1	WNK4	0.01
SGK1	ZBTB21	0.01
SGTA	UBL4A	0.01
SH2B3	ZAP70	0.01
SH2D1A	TP53	0.01
SH3BP2	SYK	0.01
SH3BP4	TFRC	0.01
SH3GL1	SRC	0.01
SH3PXD2B	SRC	0.01
SHANK1	SSTR2	0.01
SIGLEC1	SPN	0.01
SIGLEC7	SOCS3	0.01
SIRT1	TAF1A	0.01
SKI	SMAD2	0.01
SKI	SMAD3	0.01
SKI	SMAD4	0.01
SKIL	SMAD4	0.01
SLC11A1	SRC	0.01
SLC12A5	WNK3	0.01
SLC12A6	STK39	0.01
SLC2A1	STOM	0.01
SLC47A1	SP1	0.01
SLC4A1	SYK	0.01
SLC4A4	STK39	0.01
SMAD1	TGFBR1	0.01
SMAD4	SMAD9	0.01
SMAD4	SNIP1	0.01
SMAD4	UBE2I	0.01
SMARCA1	SP1	0.01
SMARCA2	SMARCB1	0.01
SMARCA4	SMARCB1	0.01
SMARCD3	TLX1	0.01
SMG1	TP53	0.01
SMG1	UPF1	0.01
SMOC1	SMOC2	0.01
SMURF1	TGFBR1	0.01
SMURF2	TGFBR1	0.01
SNAP91	SYT1	0.01
SOD3	SP1	0.01
SOS1	SPRY1	0.01
SOX10	SOX6	0.01
SOX3	UBE2I	0.01
SOX4	UBE2I	0.01
SP3	UBE2I	0.01
SPARC	STAB1	0.01
SPART	WWP1	0.01
SPINT1	ST14	0.01
SPRY4	TESK1	0.01
SPTAN1	SRC	0.01
SQSTM1	WDFY3	0.01
SRC	SRCIN1	0.01
SRC	TNS3	0.01
SRC	UNC80	0.01
SRC	WBP2	0.01
SRC	WWOX	0.01
SRGAP3	WASF1	0.01
SRPK2	SRSF1	0.01
SSBP1	TP53	0.01
SST	SSTR1	0.01
SST	SSTR2	0.01
SST	SSTR3	0.01
SST	SSTR4	0.01
SST	SSTR5	0.01
SSTR5	UTS2B	0.01
STAB2	VWF	0.01
STAM	USP8	0.01
STAP1	TEC	0.01
STAT2	ZNF804A	0.01
STEAP3	TP53	0.01
STING1	TBK1	0.01
STING1	ULK1	0.01
STK39	WNK1	0.01
STK39	WNK2	0.01
STON2	SYT1	0.01
STX11	STXBP2	0.01
STX1A	STXBP1	0.01
STX1A	SYBU	0.01
STX1A	TXLNA	0.01
STX3	SYT1	0.01
STX3	TXLNA	0.01
STX4	TXLNA	0.01
SUMO1	UBE2I	0.01
SUMO1	ZBTB16	0.01
SV2A	SYT1	0.01
SV2B	SYT1	0.01
SYK	TUBA1A	0.01
SYK	TUBA4A	0.01
SYK	TYROBP	0.01
TAC1	TACR2	0.01
TAC1	TACR3	0.01
TAC4	TACR3	0.01
TACC2	TTK	0.01
TAP1	TAPBP	0.01
TBK1	TBKBP1	0.01
TCF7L2	TNIK	0.01
TEAD1	YAP1	0.01
TEAD2	YAP1	0.01
TEAD3	WWTR1	0.01
TEAD4	WWTR1	0.01
TEK	TNIP2	0.01
TERB1	TERF1	0.01
TERF1	TNKS	0.01
TF	TFR2	0.01
TF	TFRC	0.01
TFAP2C	UBE2I	0.01
TFPI	VLDLR	0.01
TGFB1	TGFBR2	0.01
TGFB1	TGFBR3	0.01
TGFB1	VASN	0.01
TGFB2	TGFBR1	0.01
TGFB2	TGFBR2	0.01
TGFBR1	UCHL5	0.01
TGFBR1	ZFYVE9	0.01
TGIF1	WWP1	0.01
THEMIS	ZAP70	0.01
TICAM1	TICAM2	0.01
TICAM1	TLR3	0.01
TICAM1	TRAF6	0.01
TICAM2	TLR4	0.01
TIGAR	TP53	0.01
TLE3	XIAP	0.01
TLR2	ZG16B	0.01
TMOD1	TRPM7	0.01
TNF	TNFRSF1A	0.01
TNF	TNFRSF1B	0.01
TNF	TNFRSF21	0.01
TNF	TRAF2	0.01
TNFAIP3	TRAF6	0.01
TNFRSF10B	TNFSF10	0.01
TNFRSF10C	TNFSF10	0.01
TNFRSF11A	TNFSF11	0.01
TNFRSF11B	TNFSF11	0.01
TNFRSF11B	VWF	0.01
TNFRSF12A	TNFSF12	0.01
TNFRSF13B	TNFSF13	0.01
TNFRSF14	TNFSF13	0.01
TNFRSF17	TNFSF13	0.01
TNFRSF18	TNFSF18	0.01
TNFRSF1A	TRADD	0.01
TNFRSF25	TNFSF12	0.01
TNFRSF25	TNFSF15	0.01
TNFRSF4	TNFSF4	0.01
TNFRSF8	TNFSF8	0.01
TNFSF4	TRAF2	0.01
TNFSF9	TRAF2	0.01
TNNI1	TRIM63	0.01
TP53	TP53I3	0.01
TP53	TP53INP1	0.01
TP53	TRIAP1	0.01
TP53	USP7	0.01
TP73	YAP1	0.01
TREM1	TYROBP	0.01
TRPC1	TRPC3	0.01
TRPC1	TRPC4	0.01
TRPC1	TRPC5	0.01
TRPC1	TRPC6	0.01
TRPM6	TRPM7	0.01
TTBK1	TUBB	0.01
TTBK1	TUBB2A	0.01
TTL	TUBA1A	0.01
TTL	TUBA8	0.01
TULP2	TYRO3	0.01
UBC	USP5	0.01
UBE2D2	UBR5	0.01
UBE2I	ZHX1	0.01
UBL4A	USP13	0.01
UFD1	VCP	0.01
UPF1	UPF2	0.01
UPF1	UPF3B	0.01
USH1C	USH1G	0.01
UTS2B	UTS2R	0.01
VIP	VIPR2	0.01
WIF1	WNT8A	0.01
WLS	WNT3A	0.01
WNK1	WNK3	0.01
ZHX1	ZMYND11	0.01
